session_id;id;base_name;modo;condiciones_medida;config_label;sample_index;tiempo_s;red_raw;ir_raw;temp_c;temp_raw;red_proc_norm;ir_proc_norm;artifact_red;artifact_ir;peak_ir;bpm_rolling_5s;spo2_rolling_5s;ratio_r_rolling_5s;quality_rolling_5s
BLOQUE_4CFG_7332_20260608_135546_CFG001_CONFIG_01_-_B1F_AVG1_ADC16384;7332;BLOQUE_4CFG_7332_20260608_135546_CFG001_CONFIG_01_-_B1F_AVG1_ADC16384;configurations;toma con tabla personalizada de configuraciones;CONFIG 01 - B1F_AVG1_ADC16384;1;0.000000;16124;43154;31.18;2286;0.22933;0.18190;0;0;0;;;;
BLOQUE_4CFG_7332_20260608_135546_CFG001_CONFIG_01_-_B1F_AVG1_ADC16384;7332;BLOQUE_4CFG_7332_20260608_135546_CFG001_CONFIG_01_-_B1F_AVG1_ADC16384;configurations;toma con tabla personalizada de configuraciones;CONFIG 01 - B1F_AVG1_ADC16384;2;0.080087;16125;43129;31.53;2299;0.45865;-0.57630;0;0;0;;;;
BLOQUE_4CFG_7332_20260608_135546_CFG001_CONFIG_01_-_B1F_AVG1_ADC16384;7332;BLOQUE_4CFG_7332_20260608_135546_CFG001_CONFIG_01_-_B1F_AVG1_ADC16384;configurations;toma con tabla personalizada de configuraciones;CONFIG 01 - B1F_AVG1_ADC16384;3;0.200456;16120;43136;31.16;2285;-0.15513;-0.34610;0;0;1;;;;
BLOQUE_4CFG_7332_20260608_135546_CFG001_CONFIG_01_-_B1F_AVG1_ADC16384;7332;BLOQUE_4CFG_7332_20260608_135546_CFG001_CONFIG_01_-_B1F_AVG1_ADC16384;configurations;toma con tabla personalizada de configuraciones;CONFIG 01 - B1F_AVG1_ADC16384;4;0.280581;16108;43093;31.16;2285;-1.50411;-1.45845;0;0;0;;;;
BLOQUE_4CFG_7332_20260608_135546_CFG001_CONFIG_01_-_B1F_AVG1_ADC16384;7332;BLOQUE_4CFG_7332_20260608_135546_CFG001_CONFIG_01_-_B1F_AVG1_ADC16384;configurations;toma con tabla personalizada de configuraciones;CONFIG 01 - B1F_AVG1_ADC16384;5;0.401025;16112;43084;31.02;2280;-0.84311;-1.79328;0;0;1;;;;
BLOQUE_4CFG_7332_20260608_135546_CFG001_CONFIG_01_-_B1F_AVG1_ADC16384;7332;BLOQUE_4CFG_7332_20260608_135546_CFG001_CONFIG_01_-_B1F_AVG1_ADC16384;configurations;toma con tabla personalizada de configuraciones;CONFIG 01 - B1F_AVG1_ADC16384;6;0.480756;16110;43122;30.86;2274;-0.95103;-0.65517;0;0;0;;;;
BLOQUE_4CFG_7332_20260608_135546_CFG001_CONFIG_01_-_B1F_AVG1_ADC16384;7332;BLOQUE_4CFG_7332_20260608_135546_CFG001_CONFIG_01_-_B1F_AVG1_ADC16384;configurations;toma con tabla personalizada de configuraciones;CONFIG 01 - B1F_AVG1_ADC16384;7;0.601665;16116;43150;31.45;2296;0.03372;0.17546;0;0;0;;;;
BLOQUE_4CFG_7332_20260608_135546_CFG001_CONFIG_01_-_B1F_AVG1_ADC16384;7332;BLOQUE_4CFG_7332_20260608_135546_CFG001_CONFIG_01_-_B1F_AVG1_ADC16384;configurations;toma con tabla personalizada de configuraciones;CONFIG 01 - B1F_AVG1_ADC16384;8;0.681735;16127;43196;31.37;2293;1.76042;1.54054;0;0;0;;;;
BLOQUE_4CFG_7332_20260608_135546_CFG001_CONFIG_01_-_B1F_AVG1_ADC16384;7332;BLOQUE_4CFG_7332_20260608_135546_CFG001_CONFIG_01_-_B1F_AVG1_ADC16384;configurations;toma con tabla personalizada de configuraciones;CONFIG 01 - B1F_AVG1_ADC16384;9;0.802142;16125;43165;30.54;2262;1.52435;0.15615;0;0;0;;;;
BLOQUE_4CFG_7332_20260608_135546_CFG001_CONFIG_01_-_B1F_AVG1_ADC16384;7332;BLOQUE_4CFG_7332_20260608_135546_CFG001_CONFIG_01_-_B1F_AVG1_ADC16384;configurations;toma con tabla personalizada de configuraciones;CONFIG 01 - B1F_AVG1_ADC16384;10;0.882113;16140;43201;31.83;2310;3.50000;0.98035;0;0;0;;;;
BLOQUE_4CFG_7332_20260608_135546_CFG001_CONFIG_01_-_B1F_AVG1_ADC16384;7332;BLOQUE_4CFG_7332_20260608_135546_CFG001_CONFIG_01_-_B1F_AVG1_ADC16384;configurations;toma con tabla personalizada de configuraciones;CONFIG 01 - B1F_AVG1_ADC16384;11;1.002894;16120;43140;30.46;2259;0.70147;-1.56147;1;1;0;;;;
BLOQUE_4CFG_7332_20260608_135546_CFG001_CONFIG_01_-_B1F_AVG1_ADC16384;7332;BLOQUE_4CFG_7332_20260608_135546_CFG001_CONFIG_01_-_B1F_AVG1_ADC16384;configurations;toma con tabla personalizada de configuraciones;CONFIG 01 - B1F_AVG1_ADC16384;12;1.083140;16111;43100;29.25;2213;-0.64751;-3.35636;1;1;0;;;;
BLOQUE_4CFG_7332_20260608_135546_CFG001_CONFIG_01_-_B1F_AVG1_ADC16384;7332;BLOQUE_4CFG_7332_20260608_135546_CFG001_CONFIG_01_-_B1F_AVG1_ADC16384;configurations;toma con tabla personalizada de configuraciones;CONFIG 01 - B1F_AVG1_ADC16384;13;1.203351;16110;43158;31.26;2289;-0.83637;-1.86089;1;1;0;;;;
BLOQUE_4CFG_7332_20260608_135546_CFG001_CONFIG_01_-_B1F_AVG1_ADC16384;7332;BLOQUE_4CFG_7332_20260608_135546_CFG001_CONFIG_01_-_B1F_AVG1_ADC16384;configurations;toma con tabla personalizada de configuraciones;CONFIG 01 - B1F_AVG1_ADC16384;14;1.283945;16072;42942;31.18;2286;-3.50000;-3.50000;1;1;1;;;;
BLOQUE_4CFG_7332_20260608_135546_CFG001_CONFIG_01_-_B1F_AVG1_ADC16384;7332;BLOQUE_4CFG_7332_20260608_135546_CFG001_CONFIG_01_-_B1F_AVG1_ADC16384;configurations;toma con tabla personalizada de configuraciones;CONFIG 01 - B1F_AVG1_ADC16384;15;1.404013;16110;43173;31.66;2304;-0.95103;-2.27781;1;1;0;;;;
BLOQUE_4CFG_7332_20260608_135546_CFG001_CONFIG_01_-_B1F_AVG1_ADC16384;7332;BLOQUE_4CFG_7332_20260608_135546_CFG001_CONFIG_01_-_B1F_AVG1_ADC16384;configurations;toma con tabla personalizada de configuraciones;CONFIG 01 - B1F_AVG1_ADC16384;16;1.484337;16098;43245;31.26;2289;-2.67098;-0.43625;1;1;0;;;;
BLOQUE_4CFG_7332_20260608_135546_CFG001_CONFIG_01_-_B1F_AVG1_ADC16384;7332;BLOQUE_4CFG_7332_20260608_135546_CFG001_CONFIG_01_-_B1F_AVG1_ADC16384;configurations;toma con tabla personalizada de configuraciones;CONFIG 01 - B1F_AVG1_ADC16384;17;1.604423;16104;43226;31.10;2283;-1.85485;-1.65645;1;1;1;;;;
BLOQUE_4CFG_7332_20260608_135546_CFG001_CONFIG_01_-_B1F_AVG1_ADC16384;7332;BLOQUE_4CFG_7332_20260608_135546_CFG001_CONFIG_01_-_B1F_AVG1_ADC16384;configurations;toma con tabla personalizada de configuraciones;CONFIG 01 - B1F_AVG1_ADC16384;18;1.684861;16099;43272;31.50;2298;-2.54283;-0.66322;1;1;0;;;;
BLOQUE_4CFG_7332_20260608_135546_CFG001_CONFIG_01_-_B1F_AVG1_ADC16384;7332;BLOQUE_4CFG_7332_20260608_135546_CFG001_CONFIG_01_-_B1F_AVG1_ADC16384;configurations;toma con tabla personalizada de configuraciones;CONFIG 01 - B1F_AVG1_ADC16384;19;1.805135;16117;43363;31.91;2313;0.17537;2.34221;0;0;0;;;;
BLOQUE_4CFG_7332_20260608_135546_CFG001_CONFIG_01_-_B1F_AVG1_ADC16384;7332;BLOQUE_4CFG_7332_20260608_135546_CFG001_CONFIG_01_-_B1F_AVG1_ADC16384;configurations;toma con tabla personalizada de configuraciones;CONFIG 01 - B1F_AVG1_ADC16384;20;1.884874;16133;43398;32.20;2324;2.67773;3.19055;0;0;0;;;;
BLOQUE_4CFG_7332_20260608_135546_CFG001_CONFIG_01_-_B1F_AVG1_ADC16384;7332;BLOQUE_4CFG_7332_20260608_135546_CFG001_CONFIG_01_-_B1F_AVG1_ADC16384;configurations;toma con tabla personalizada de configuraciones;CONFIG 01 - B1F_AVG1_ADC16384;21;2.005590;16132;43452;31.32;2291;2.80588;3.50000;0;0;0;;;;
BLOQUE_4CFG_7332_20260608_135546_CFG001_CONFIG_01_-_B1F_AVG1_ADC16384;7332;BLOQUE_4CFG_7332_20260608_135546_CFG001_CONFIG_01_-_B1F_AVG1_ADC16384;configurations;toma con tabla personalizada de configuraciones;CONFIG 01 - B1F_AVG1_ADC16384;22;2.085741;16135;43429;31.21;2287;3.33873;3.31611;0;0;0;;;;
BLOQUE_4CFG_7332_20260608_135546_CFG001_CONFIG_01_-_B1F_AVG1_ADC16384;7332;BLOQUE_4CFG_7332_20260608_135546_CFG001_CONFIG_01_-_B1F_AVG1_ADC16384;configurations;toma con tabla personalizada de configuraciones;CONFIG 01 - B1F_AVG1_ADC16384;23;2.206206;16132;43418;31.56;2300;2.85310;2.23113;0;0;0;;;;
BLOQUE_4CFG_7332_20260608_135546_CFG001_CONFIG_01_-_B1F_AVG1_ADC16384;7332;BLOQUE_4CFG_7332_20260608_135546_CFG001_CONFIG_01_-_B1F_AVG1_ADC16384;configurations;toma con tabla personalizada de configuraciones;CONFIG 01 - B1F_AVG1_ADC16384;24;2.286455;16122;43388;32.15;2322;1.32875;0.63586;0;0;0;;;;
BLOQUE_4CFG_7332_20260608_135546_CFG001_CONFIG_01_-_B1F_AVG1_ADC16384;7332;BLOQUE_4CFG_7332_20260608_135546_CFG001_CONFIG_01_-_B1F_AVG1_ADC16384;configurations;toma con tabla personalizada de configuraciones;CONFIG 01 - B1F_AVG1_ADC16384;25;2.406653;16123;43415;32.09;2320;1.04546;0.61493;0;0;0;;;;
BLOQUE_4CFG_7332_20260608_135546_CFG001_CONFIG_01_-_B1F_AVG1_ADC16384;7332;BLOQUE_4CFG_7332_20260608_135546_CFG001_CONFIG_01_-_B1F_AVG1_ADC16384;configurations;toma con tabla personalizada de configuraciones;CONFIG 01 - B1F_AVG1_ADC16384;26;2.486836;16115;43452;31.80;2309;-0.24956;1.28137;0;1;0;;;;
BLOQUE_4CFG_7332_20260608_135546_CFG001_CONFIG_01_-_B1F_AVG1_ADC16384;7332;BLOQUE_4CFG_7332_20260608_135546_CFG001_CONFIG_01_-_B1F_AVG1_ADC16384;configurations;toma con tabla personalizada de configuraciones;CONFIG 01 - B1F_AVG1_ADC16384;27;2.607286;16115;43481;32.83;2347;-0.46540;1.82386;0;1;0;;;;
BLOQUE_4CFG_7332_20260608_135546_CFG001_CONFIG_01_-_B1F_AVG1_ADC16384;7332;BLOQUE_4CFG_7332_20260608_135546_CFG001_CONFIG_01_-_B1F_AVG1_ADC16384;configurations;toma con tabla personalizada de configuraciones;CONFIG 01 - B1F_AVG1_ADC16384;28;2.687184;16113;43499;32.58;2338;-0.91056;1.89791;0;1;0;;;;
BLOQUE_4CFG_7332_20260608_135546_CFG001_CONFIG_01_-_B1F_AVG1_ADC16384;7332;BLOQUE_4CFG_7332_20260608_135546_CFG001_CONFIG_01_-_B1F_AVG1_ADC16384;configurations;toma con tabla personalizada de configuraciones;CONFIG 01 - B1F_AVG1_ADC16384;29;2.807778;16102;43240;33.04;2355;-2.74518;-3.50000;0;1;1;;;;
BLOQUE_4CFG_7332_20260608_135546_CFG001_CONFIG_01_-_B1F_AVG1_ADC16384;7332;BLOQUE_4CFG_7332_20260608_135546_CFG001_CONFIG_01_-_B1F_AVG1_ADC16384;configurations;toma con tabla personalizada de configuraciones;CONFIG 01 - B1F_AVG1_ADC16384;30;2.888385;16090;43373;31.85;2311;-3.50000;-3.24850;0;1;0;;;;
BLOQUE_4CFG_7332_20260608_135546_CFG001_CONFIG_01_-_B1F_AVG1_ADC16384;7332;BLOQUE_4CFG_7332_20260608_135546_CFG001_CONFIG_01_-_B1F_AVG1_ADC16384;configurations;toma con tabla personalizada de configuraciones;CONFIG 01 - B1F_AVG1_ADC16384;31;3.008336;16100;43440;31.64;2303;-3.33198;-1.32966;0;1;0;;;;
BLOQUE_4CFG_7332_20260608_135546_CFG001_CONFIG_01_-_B1F_AVG1_ADC16384;7332;BLOQUE_4CFG_7332_20260608_135546_CFG001_CONFIG_01_-_B1F_AVG1_ADC16384;configurations;toma con tabla personalizada de configuraciones;CONFIG 01 - B1F_AVG1_ADC16384;32;3.088541;16104;43474;32.47;2334;-2.88682;-0.42498;0;1;0;;;;
BLOQUE_4CFG_7332_20260608_135546_CFG001_CONFIG_01_-_B1F_AVG1_ADC16384;7332;BLOQUE_4CFG_7332_20260608_135546_CFG001_CONFIG_01_-_B1F_AVG1_ADC16384;configurations;toma con tabla personalizada de configuraciones;CONFIG 01 - B1F_AVG1_ADC16384;33;3.209021;16120;43543;32.23;2325;-0.76217;1.54215;0;0;0;;;;
BLOQUE_4CFG_7332_20260608_135546_CFG001_CONFIG_01_-_B1F_AVG1_ADC16384;7332;BLOQUE_4CFG_7332_20260608_135546_CFG001_CONFIG_01_-_B1F_AVG1_ADC16384;configurations;toma con tabla personalizada de configuraciones;CONFIG 01 - B1F_AVG1_ADC16384;34;3.288601;16126;43519;32.61;2339;-0.07419;0.35093;0;0;0;;;;
BLOQUE_4CFG_7332_20260608_135546_CFG001_CONFIG_01_-_B1F_AVG1_ADC16384;7332;BLOQUE_4CFG_7332_20260608_135546_CFG001_CONFIG_01_-_B1F_AVG1_ADC16384;configurations;toma con tabla personalizada de configuraciones;CONFIG 01 - B1F_AVG1_ADC16384;35;3.409419;16135;43522;31.50;2298;0.91731;-0.01288;0;0;0;;;;
BLOQUE_4CFG_7332_20260608_135546_CFG001_CONFIG_01_-_B1F_AVG1_ADC16384;7332;BLOQUE_4CFG_7332_20260608_135546_CFG001_CONFIG_01_-_B1F_AVG1_ADC16384;configurations;toma con tabla personalizada de configuraciones;CONFIG 01 - B1F_AVG1_ADC16384;36;3.489952;16134;43536;33.62;2376;0.51261;0.05151;0;0;0;;;;
BLOQUE_4CFG_7332_20260608_135546_CFG001_CONFIG_01_-_B1F_AVG1_ADC16384;7332;BLOQUE_4CFG_7332_20260608_135546_CFG001_CONFIG_01_-_B1F_AVG1_ADC16384;configurations;toma con tabla personalizada de configuraciones;CONFIG 01 - B1F_AVG1_ADC16384;37;3.610113;16130;43517;32.34;2329;-0.44516;-0.97069;0;0;1;;;;
BLOQUE_4CFG_7332_20260608_135546_CFG001_CONFIG_01_-_B1F_AVG1_ADC16384;7332;BLOQUE_4CFG_7332_20260608_135546_CFG001_CONFIG_01_-_B1F_AVG1_ADC16384;configurations;toma con tabla personalizada de configuraciones;CONFIG 01 - B1F_AVG1_ADC16384;38;3.690192;16128;43558;32.77;2345;-1.13314;0.00966;0;0;0;;;;
BLOQUE_4CFG_7332_20260608_135546_CFG001_CONFIG_01_-_B1F_AVG1_ADC16384;7332;BLOQUE_4CFG_7332_20260608_135546_CFG001_CONFIG_01_-_B1F_AVG1_ADC16384;configurations;toma con tabla personalizada de configuraciones;CONFIG 01 - B1F_AVG1_ADC16384;39;3.810571;16140;43595;32.18;2323;0.23607;0.98196;0;0;0;;;;
BLOQUE_4CFG_7332_20260608_135546_CFG001_CONFIG_01_-_B1F_AVG1_ADC16384;7332;BLOQUE_4CFG_7332_20260608_135546_CFG001_CONFIG_01_-_B1F_AVG1_ADC16384;configurations;toma con tabla personalizada de configuraciones;CONFIG 01 - B1F_AVG1_ADC16384;40;3.891021;16153;43591;32.42;2332;1.60529;0.09981;0;0;0;;;;
BLOQUE_4CFG_7332_20260608_135546_CFG001_CONFIG_01_-_B1F_AVG1_ADC16384;7332;BLOQUE_4CFG_7332_20260608_135546_CFG001_CONFIG_01_-_B1F_AVG1_ADC16384;configurations;toma con tabla personalizada de configuraciones;CONFIG 01 - B1F_AVG1_ADC16384;41;4.011267;16142;43613;31.64;2303;-0.47214;0.32678;0;0;0;;;;
BLOQUE_4CFG_7332_20260608_135546_CFG001_CONFIG_01_-_B1F_AVG1_ADC16384;7332;BLOQUE_4CFG_7332_20260608_135546_CFG001_CONFIG_01_-_B1F_AVG1_ADC16384;configurations;toma con tabla personalizada de configuraciones;CONFIG 01 - B1F_AVG1_ADC16384;42;4.091120;16150;43604;32.55;2337;0.15513;-0.36220;0;0;0;;;;
BLOQUE_4CFG_7332_20260608_135546_CFG001_CONFIG_01_-_B1F_AVG1_ADC16384;7332;BLOQUE_4CFG_7332_20260608_135546_CFG001_CONFIG_01_-_B1F_AVG1_ADC16384;configurations;toma con tabla personalizada de configuraciones;CONFIG 01 - B1F_AVG1_ADC16384;43;4.211829;16156;43656;31.69;2305;0.53959;0.99322;0;0;0;;;;
BLOQUE_4CFG_7332_20260608_135546_CFG001_CONFIG_01_-_B1F_AVG1_ADC16384;7332;BLOQUE_4CFG_7332_20260608_135546_CFG001_CONFIG_01_-_B1F_AVG1_ADC16384;configurations;toma con tabla personalizada de configuraciones;CONFIG 01 - B1F_AVG1_ADC16384;44;4.292575;16156;43654;31.93;2314;0.22933;0.66161;0;0;0;;;;
BLOQUE_4CFG_7332_20260608_135546_CFG001_CONFIG_01_-_B1F_AVG1_ADC16384;7332;BLOQUE_4CFG_7332_20260608_135546_CFG001_CONFIG_01_-_B1F_AVG1_ADC16384;configurations;toma con tabla personalizada de configuraciones;CONFIG 01 - B1F_AVG1_ADC16384;45;4.412300;16164;43677;33.07;2356;1.09942;1.08820;0;0;0;;;;
BLOQUE_4CFG_7332_20260608_135546_CFG001_CONFIG_01_-_B1F_AVG1_ADC16384;7332;BLOQUE_4CFG_7332_20260608_135546_CFG001_CONFIG_01_-_B1F_AVG1_ADC16384;configurations;toma con tabla personalizada de configuraciones;CONFIG 01 - B1F_AVG1_ADC16384;46;4.493170;16162;43669;31.64;2303;0.67449;0.45234;0;0;0;;;;
BLOQUE_4CFG_7332_20260608_135546_CFG001_CONFIG_01_-_B1F_AVG1_ADC16384;7332;BLOQUE_4CFG_7332_20260608_135546_CFG001_CONFIG_01_-_B1F_AVG1_ADC16384;configurations;toma con tabla personalizada de configuraciones;CONFIG 01 - B1F_AVG1_ADC16384;47;4.612842;16173;43688;31.48;2297;2.10441;0.82581;0;0;0;;;;
BLOQUE_4CFG_7332_20260608_135546_CFG001_CONFIG_01_-_B1F_AVG1_ADC16384;7332;BLOQUE_4CFG_7332_20260608_135546_CFG001_CONFIG_01_-_B1F_AVG1_ADC16384;configurations;toma con tabla personalizada de configuraciones;CONFIG 01 - B1F_AVG1_ADC16384;48;4.692686;16175;43733;32.04;2318;2.25954;2.00255;0;0;0;;;;
BLOQUE_4CFG_7332_20260608_135546_CFG001_CONFIG_01_-_B1F_AVG1_ADC16384;7332;BLOQUE_4CFG_7332_20260608_135546_CFG001_CONFIG_01_-_B1F_AVG1_ADC16384;configurations;toma con tabla personalizada de configuraciones;CONFIG 01 - B1F_AVG1_ADC16384;49;4.813539;16162;43672;32.47;2334;0.29003;-0.33805;0;0;0;;;;
BLOQUE_4CFG_7332_20260608_135546_CFG001_CONFIG_01_-_B1F_AVG1_ADC16384;7332;BLOQUE_4CFG_7332_20260608_135546_CFG001_CONFIG_01_-_B1F_AVG1_ADC16384;configurations;toma con tabla personalizada de configuraciones;CONFIG 01 - B1F_AVG1_ADC16384;50;4.893994;16172;43704;32.34;2329;1.57156;0.45878;0;0;0;;;;
BLOQUE_4CFG_7332_20260608_135546_CFG001_CONFIG_01_-_B1F_AVG1_ADC16384;7332;BLOQUE_4CFG_7332_20260608_135546_CFG001_CONFIG_01_-_B1F_AVG1_ADC16384;configurations;toma con tabla personalizada de configuraciones;CONFIG 01 - B1F_AVG1_ADC16384;51;5.013934;16167;43694;32.39;2331;0.84311;-0.21732;0;0;0;;;;
BLOQUE_4CFG_7332_20260608_135546_CFG001_CONFIG_01_-_B1F_AVG1_ADC16384;7332;BLOQUE_4CFG_7332_20260608_135546_CFG001_CONFIG_01_-_B1F_AVG1_ADC16384;configurations;toma con tabla personalizada de configuraciones;CONFIG 01 - B1F_AVG1_ADC16384;52;5.093804;16175;43679;32.26;2326;1.83461;-0.97552;0;0;0;;;;
BLOQUE_4CFG_7332_20260608_135546_CFG001_CONFIG_01_-_B1F_AVG1_ADC16384;7332;BLOQUE_4CFG_7332_20260608_135546_CFG001_CONFIG_01_-_B1F_AVG1_ADC16384;configurations;toma con tabla personalizada de configuraciones;CONFIG 01 - B1F_AVG1_ADC16384;53;5.214656;16173;43724;32.72;2343;1.48388;0.31068;0;0;1;;;;
BLOQUE_4CFG_7332_20260608_135546_CFG001_CONFIG_01_-_B1F_AVG1_ADC16384;7332;BLOQUE_4CFG_7332_20260608_135546_CFG001_CONFIG_01_-_B1F_AVG1_ADC16384;configurations;toma con tabla personalizada de configuraciones;CONFIG 01 - B1F_AVG1_ADC16384;54;5.294634;16166;43707;32.31;2328;0.43842;-0.35737;0;0;0;;;;
BLOQUE_4CFG_7332_20260608_135546_CFG001_CONFIG_01_-_B1F_AVG1_ADC16384;7332;BLOQUE_4CFG_7332_20260608_135546_CFG001_CONFIG_01_-_B1F_AVG1_ADC16384;configurations;toma con tabla personalizada de configuraciones;CONFIG 01 - B1F_AVG1_ADC16384;55;5.415088;16165;43737;31.80;2309;0.24282;0.50708;0;0;0;;;;
BLOQUE_4CFG_7332_20260608_135546_CFG001_CONFIG_01_-_B1F_AVG1_ADC16384;7332;BLOQUE_4CFG_7332_20260608_135546_CFG001_CONFIG_01_-_B1F_AVG1_ADC16384;configurations;toma con tabla personalizada de configuraciones;CONFIG 01 - B1F_AVG1_ADC16384;56;5.495264;16156;43749;32.77;2345;-1.03872;0.76947;0;0;0;;;;
BLOQUE_4CFG_7332_20260608_135546_CFG001_CONFIG_01_-_B1F_AVG1_ADC16384;7332;BLOQUE_4CFG_7332_20260608_135546_CFG001_CONFIG_01_-_B1F_AVG1_ADC16384;configurations;toma con tabla personalizada de configuraciones;CONFIG 01 - B1F_AVG1_ADC16384;57;5.615618;16153;43703;32.34;2329;-1.51086;-0.96264;0;0;1;;;;
BLOQUE_4CFG_7332_20260608_135546_CFG001_CONFIG_01_-_B1F_AVG1_ADC16384;7332;BLOQUE_4CFG_7332_20260608_135546_CFG001_CONFIG_01_-_B1F_AVG1_ADC16384;configurations;toma con tabla personalizada de configuraciones;CONFIG 01 - B1F_AVG1_ADC16384;58;5.696172;16149;43731;31.72;2306;-2.09092;-0.16098;0;0;0;;;;
BLOQUE_4CFG_7332_20260608_135546_CFG001_CONFIG_01_-_B1F_AVG1_ADC16384;7332;BLOQUE_4CFG_7332_20260608_135546_CFG001_CONFIG_01_-_B1F_AVG1_ADC16384;configurations;toma con tabla personalizada de configuraciones;CONFIG 01 - B1F_AVG1_ADC16384;59;5.816263;16147;43731;31.72;2306;-2.34723;-0.13683;0;0;0;;;;
BLOQUE_4CFG_7332_20260608_135546_CFG001_CONFIG_01_-_B1F_AVG1_ADC16384;7332;BLOQUE_4CFG_7332_20260608_135546_CFG001_CONFIG_01_-_B1F_AVG1_ADC16384;configurations;toma con tabla personalizada de configuraciones;CONFIG 01 - B1F_AVG1_ADC16384;60;5.896598;16160;43772;31.83;2310;-0.64077;1.10108;0;0;0;;;;
BLOQUE_4CFG_7332_20260608_135546_CFG001_CONFIG_01_-_B1F_AVG1_ADC16384;7332;BLOQUE_4CFG_7332_20260608_135546_CFG001_CONFIG_01_-_B1F_AVG1_ADC16384;configurations;toma con tabla personalizada de configuraciones;CONFIG 01 - B1F_AVG1_ADC16384;61;6.016767;16156;43801;32.23;2325;-1.25455;1.99450;0;0;0;;;;
BLOQUE_4CFG_7332_20260608_135546_CFG001_CONFIG_01_-_B1F_AVG1_ADC16384;7332;BLOQUE_4CFG_7332_20260608_135546_CFG001_CONFIG_01_-_B1F_AVG1_ADC16384;configurations;toma con tabla personalizada de configuraciones;CONFIG 01 - B1F_AVG1_ADC16384;62;6.097022;16163;43769;32.18;2323;-0.41818;0.81454;0;0;0;;;;
BLOQUE_4CFG_7332_20260608_135546_CFG001_CONFIG_01_-_B1F_AVG1_ADC16384;7332;BLOQUE_4CFG_7332_20260608_135546_CFG001_CONFIG_01_-_B1F_AVG1_ADC16384;configurations;toma con tabla personalizada de configuraciones;CONFIG 01 - B1F_AVG1_ADC16384;63;6.217485;16160;43750;32.07;2319;-1.03872;-0.03381;0;0;0;;;;
BLOQUE_4CFG_7332_20260608_135546_CFG001_CONFIG_01_-_B1F_AVG1_ADC16384;7332;BLOQUE_4CFG_7332_20260608_135546_CFG001_CONFIG_01_-_B1F_AVG1_ADC16384;configurations;toma con tabla personalizada de configuraciones;CONFIG 01 - B1F_AVG1_ADC16384;64;6.297390;16164;43714;32.42;2332;-0.70147;-1.27010;0;0;0;;;;
BLOQUE_4CFG_7332_20260608_135546_CFG001_CONFIG_01_-_B1F_AVG1_ADC16384;7332;BLOQUE_4CFG_7332_20260608_135546_CFG001_CONFIG_01_-_B1F_AVG1_ADC16384;configurations;toma con tabla personalizada de configuraciones;CONFIG 01 - B1F_AVG1_ADC16384;65;6.417976;16164;43747;32.07;2319;-0.95778;-0.23342;0;0;1;;;;
BLOQUE_4CFG_7332_20260608_135546_CFG001_CONFIG_01_-_B1F_AVG1_ADC16384;7332;BLOQUE_4CFG_7332_20260608_135546_CFG001_CONFIG_01_-_B1F_AVG1_ADC16384;configurations;toma con tabla personalizada de configuraciones;CONFIG 01 - B1F_AVG1_ADC16384;66;6.498793;16165;43766;32.12;2321;-1.05221;0.36542;0;0;0;;;;
BLOQUE_4CFG_7332_20260608_135546_CFG001_CONFIG_01_-_B1F_AVG1_ADC16384;7332;BLOQUE_4CFG_7332_20260608_135546_CFG001_CONFIG_01_-_B1F_AVG1_ADC16384;configurations;toma con tabla personalizada de configuraciones;CONFIG 01 - B1F_AVG1_ADC16384;67;6.618482;16169;43779;31.61;2302;-0.82962;0.75659;0;0;0;;;;
BLOQUE_4CFG_7332_20260608_135546_CFG001_CONFIG_01_-_B1F_AVG1_ADC16384;7332;BLOQUE_4CFG_7332_20260608_135546_CFG001_CONFIG_01_-_B1F_AVG1_ADC16384;configurations;toma con tabla personalizada de configuraciones;CONFIG 01 - B1F_AVG1_ADC16384;68;6.699021;16175;43778;31.45;2296;-0.30352;0.55376;0;0;0;;;;
BLOQUE_4CFG_7332_20260608_135546_CFG001_CONFIG_01_-_B1F_AVG1_ADC16384;7332;BLOQUE_4CFG_7332_20260608_135546_CFG001_CONFIG_01_-_B1F_AVG1_ADC16384;configurations;toma con tabla personalizada de configuraciones;CONFIG 01 - B1F_AVG1_ADC16384;69;6.819138;16171;43718;31.83;2310;-1.18710;-1.49225;0;0;1;;;;
BLOQUE_4CFG_7332_20260608_135546_CFG001_CONFIG_01_-_B1F_AVG1_ADC16384;7332;BLOQUE_4CFG_7332_20260608_135546_CFG001_CONFIG_01_-_B1F_AVG1_ADC16384;configurations;toma con tabla personalizada de configuraciones;CONFIG 01 - B1F_AVG1_ADC16384;70;6.899874;16182;43764;31.29;2290;-0.02698;0.00000;0;0;0;;;;
BLOQUE_4CFG_7332_20260608_135546_CFG001_CONFIG_01_-_B1F_AVG1_ADC16384;7332;BLOQUE_4CFG_7332_20260608_135546_CFG001_CONFIG_01_-_B1F_AVG1_ADC16384;configurations;toma con tabla personalizada de configuraciones;CONFIG 01 - B1F_AVG1_ADC16384;71;7.019575;16179;43758;32.09;2320;-0.77566;-0.26078;0;0;0;;;;
BLOQUE_4CFG_7332_20260608_135546_CFG001_CONFIG_01_-_B1F_AVG1_ADC16384;7332;BLOQUE_4CFG_7332_20260608_135546_CFG001_CONFIG_01_-_B1F_AVG1_ADC16384;configurations;toma con tabla personalizada de configuraciones;CONFIG 01 - B1F_AVG1_ADC16384;72;7.099878;16190;43755;31.99;2316;0.41818;-0.32356;0;0;0;;;;
BLOQUE_4CFG_7332_20260608_135546_CFG001_CONFIG_01_-_B1F_AVG1_ADC16384;7332;BLOQUE_4CFG_7332_20260608_135546_CFG001_CONFIG_01_-_B1F_AVG1_ADC16384;configurations;toma con tabla personalizada de configuraciones;CONFIG 01 - B1F_AVG1_ADC16384;73;7.220076;16204;43807;31.96;2315;2.08418;1.30874;0;0;0;;;;
BLOQUE_4CFG_7332_20260608_135546_CFG001_CONFIG_01_-_B1F_AVG1_ADC16384;7332;BLOQUE_4CFG_7332_20260608_135546_CFG001_CONFIG_01_-_B1F_AVG1_ADC16384;configurations;toma con tabla personalizada de configuraciones;CONFIG 01 - B1F_AVG1_ADC16384;74;7.300914;16207;43736;31.42;2295;2.17186;-1.14454;0;0;1;;;;
BLOQUE_4CFG_7332_20260608_135546_CFG001_CONFIG_01_-_B1F_AVG1_ADC16384;7332;BLOQUE_4CFG_7332_20260608_135546_CFG001_CONFIG_01_-_B1F_AVG1_ADC16384;configurations;toma con tabla personalizada de configuraciones;CONFIG 01 - B1F_AVG1_ADC16384;75;7.420834;16204;43756;32.07;2319;1.41643;-0.60688;0;0;0;;;;
BLOQUE_4CFG_7332_20260608_135546_CFG001_CONFIG_01_-_B1F_AVG1_ADC16384;7332;BLOQUE_4CFG_7332_20260608_135546_CFG001_CONFIG_01_-_B1F_AVG1_ADC16384;configurations;toma con tabla personalizada de configuraciones;CONFIG 01 - B1F_AVG1_ADC16384;76;7.500652;16200;43764;31.50;2298;0.53285;-0.44429;0;0;0;;;;
BLOQUE_4CFG_7332_20260608_135546_CFG001_CONFIG_01_-_B1F_AVG1_ADC16384;7332;BLOQUE_4CFG_7332_20260608_135546_CFG001_CONFIG_01_-_B1F_AVG1_ADC16384;configurations;toma con tabla personalizada de configuraciones;CONFIG 01 - B1F_AVG1_ADC16384;77;7.621385;16207;43779;32.09;2320;1.22083;-0.05312;0;0;0;;;;
BLOQUE_4CFG_7332_20260608_135546_CFG001_CONFIG_01_-_B1F_AVG1_ADC16384;7332;BLOQUE_4CFG_7332_20260608_135546_CFG001_CONFIG_01_-_B1F_AVG1_ADC16384;configurations;toma con tabla personalizada de configuraciones;CONFIG 01 - B1F_AVG1_ADC16384;78;7.701301;16201;43808;31.99;2316;0.07419;0.75981;0;0;0;;;;
BLOQUE_4CFG_7332_20260608_135546_CFG001_CONFIG_01_-_B1F_AVG1_ADC16384;7332;BLOQUE_4CFG_7332_20260608_135546_CFG001_CONFIG_01_-_B1F_AVG1_ADC16384;configurations;toma con tabla personalizada de configuraciones;CONFIG 01 - B1F_AVG1_ADC16384;79;7.821761;16196;43742;32.12;2321;-0.89033;-1.57757;0;0;0;;;;
BLOQUE_4CFG_7332_20260608_135546_CFG001_CONFIG_01_-_B1F_AVG1_ADC16384;7332;BLOQUE_4CFG_7332_20260608_135546_CFG001_CONFIG_01_-_B1F_AVG1_ADC16384;configurations;toma con tabla personalizada de configuraciones;CONFIG 01 - B1F_AVG1_ADC16384;80;7.902221;16206;43770;32.04;2318;0.26305;-0.82742;0;0;1;;;;
BLOQUE_4CFG_7332_20260608_135546_CFG001_CONFIG_01_-_B1F_AVG1_ADC16384;7332;BLOQUE_4CFG_7332_20260608_135546_CFG001_CONFIG_01_-_B1F_AVG1_ADC16384;configurations;toma con tabla personalizada de configuraciones;CONFIG 01 - B1F_AVG1_ADC16384;81;8.022486;16208;43808;31.77;2308;0.42493;0.35254;0;0;0;;;;
BLOQUE_4CFG_7332_20260608_135546_CFG001_CONFIG_01_-_B1F_AVG1_ADC16384;7332;BLOQUE_4CFG_7332_20260608_135546_CFG001_CONFIG_01_-_B1F_AVG1_ADC16384;configurations;toma con tabla personalizada de configuraciones;CONFIG 01 - B1F_AVG1_ADC16384;82;8.102586;16210;43777;32.28;2327;0.51936;-0.83386;0;0;0;;;;
BLOQUE_4CFG_7332_20260608_135546_CFG001_CONFIG_01_-_B1F_AVG1_ADC16384;7332;BLOQUE_4CFG_7332_20260608_135546_CFG001_CONFIG_01_-_B1F_AVG1_ADC16384;configurations;toma con tabla personalizada de configuraciones;CONFIG 01 - B1F_AVG1_ADC16384;83;8.223074;16210;43847;31.50;2298;0.42493;1.28942;0;0;0;;;;
BLOQUE_4CFG_7332_20260608_135546_CFG001_CONFIG_01_-_B1F_AVG1_ADC16384;7332;BLOQUE_4CFG_7332_20260608_135546_CFG001_CONFIG_01_-_B1F_AVG1_ADC16384;configurations;toma con tabla personalizada de configuraciones;CONFIG 01 - B1F_AVG1_ADC16384;84;8.303066;16210;43783;31.77;2308;0.41818;-1.01254;0;0;1;;;;
BLOQUE_4CFG_7332_20260608_135546_CFG001_CONFIG_01_-_B1F_AVG1_ADC16384;7332;BLOQUE_4CFG_7332_20260608_135546_CFG001_CONFIG_01_-_B1F_AVG1_ADC16384;configurations;toma con tabla personalizada de configuraciones;CONFIG 01 - B1F_AVG1_ADC16384;85;8.423508;16213;43800;31.48;2297;0.79590;-0.66966;0;0;0;;;;
BLOQUE_4CFG_7332_20260608_135546_CFG001_CONFIG_01_-_B1F_AVG1_ADC16384;7332;BLOQUE_4CFG_7332_20260608_135546_CFG001_CONFIG_01_-_B1F_AVG1_ADC16384;configurations;toma con tabla personalizada de configuraciones;CONFIG 01 - B1F_AVG1_ADC16384;86;8.504263;16211;43814;32.18;2323;0.53959;-0.36220;0;0;0;;;;
BLOQUE_4CFG_7332_20260608_135546_CFG001_CONFIG_01_-_B1F_AVG1_ADC16384;7332;BLOQUE_4CFG_7332_20260608_135546_CFG001_CONFIG_01_-_B1F_AVG1_ADC16384;configurations;toma con tabla personalizada de configuraciones;CONFIG 01 - B1F_AVG1_ADC16384;87;8.624265;16210;43838;32.09;2320;0.33050;0.24307;0;0;0;;;;
BLOQUE_4CFG_7332_20260608_135546_CFG001_CONFIG_01_-_B1F_AVG1_ADC16384;7332;BLOQUE_4CFG_7332_20260608_135546_CFG001_CONFIG_01_-_B1F_AVG1_ADC16384;configurations;toma con tabla personalizada de configuraciones;CONFIG 01 - B1F_AVG1_ADC16384;88;8.704662;16213;43883;31.72;2306;0.74868;1.55020;0;0;0;;;;
BLOQUE_4CFG_7332_20260608_135546_CFG001_CONFIG_01_-_B1F_AVG1_ADC16384;7332;BLOQUE_4CFG_7332_20260608_135546_CFG001_CONFIG_01_-_B1F_AVG1_ADC16384;configurations;toma con tabla personalizada de configuraciones;CONFIG 01 - B1F_AVG1_ADC16384;89;8.824643;16213;43844;31.77;2308;0.74868;0.05634;0;0;0;;;;
BLOQUE_4CFG_7332_20260608_135546_CFG001_CONFIG_01_-_B1F_AVG1_ADC16384;7332;BLOQUE_4CFG_7332_20260608_135546_CFG001_CONFIG_01_-_B1F_AVG1_ADC16384;configurations;toma con tabla personalizada de configuraciones;CONFIG 01 - B1F_AVG1_ADC16384;90;8.904726;16210;43840;31.72;2306;0.17537;-0.39278;0;0;0;;;;
BLOQUE_4CFG_7332_20260608_135546_CFG001_CONFIG_01_-_B1F_AVG1_ADC16384;7332;BLOQUE_4CFG_7332_20260608_135546_CFG001_CONFIG_01_-_B1F_AVG1_ADC16384;configurations;toma con tabla personalizada de configuraciones;CONFIG 01 - B1F_AVG1_ADC16384;91;9.025303;16200;43829;31.83;2310;-1.27479;-1.01254;0;0;0;;;;
BLOQUE_4CFG_7332_20260608_135546_CFG001_CONFIG_01_-_B1F_AVG1_ADC16384;7332;BLOQUE_4CFG_7332_20260608_135546_CFG001_CONFIG_01_-_B1F_AVG1_ADC16384;configurations;toma con tabla personalizada de configuraciones;CONFIG 01 - B1F_AVG1_ADC16384;92;9.104979;16207;43844;32.01;2317;-0.34399;-0.70669;0;0;1;;;;
BLOQUE_4CFG_7332_20260608_135546_CFG001_CONFIG_01_-_B1F_AVG1_ADC16384;7332;BLOQUE_4CFG_7332_20260608_135546_CFG001_CONFIG_01_-_B1F_AVG1_ADC16384;configurations;toma con tabla personalizada de configuraciones;CONFIG 01 - B1F_AVG1_ADC16384;93;9.225845;16204;43906;32.31;2328;-0.82962;1.06727;0;0;0;;;;
BLOQUE_4CFG_7332_20260608_135546_CFG001_CONFIG_01_-_B1F_AVG1_ADC16384;7332;BLOQUE_4CFG_7332_20260608_135546_CFG001_CONFIG_01_-_B1F_AVG1_ADC16384;configurations;toma con tabla personalizada de configuraciones;CONFIG 01 - B1F_AVG1_ADC16384;94;9.306074;16205;43893;31.18;2286;-0.78241;0.45556;0;0;0;;;;
BLOQUE_4CFG_7332_20260608_135546_CFG001_CONFIG_01_-_B1F_AVG1_ADC16384;7332;BLOQUE_4CFG_7332_20260608_135546_CFG001_CONFIG_01_-_B1F_AVG1_ADC16384;configurations;toma con tabla personalizada de configuraciones;CONFIG 01 - B1F_AVG1_ADC16384;95;9.426410;16214;43880;31.56;2300;0.35748;-0.31390;0;0;0;;;;
BLOQUE_4CFG_7332_20260608_135546_CFG001_CONFIG_01_-_B1F_AVG1_ADC16384;7332;BLOQUE_4CFG_7332_20260608_135546_CFG001_CONFIG_01_-_B1F_AVG1_ADC16384;configurations;toma con tabla personalizada de configuraciones;CONFIG 01 - B1F_AVG1_ADC16384;96;9.506024;16200;43859;31.77;2308;-1.64576;-1.28137;0;0;1;;;;
BLOQUE_4CFG_7332_20260608_135546_CFG001_CONFIG_01_-_B1F_AVG1_ADC16384;7332;BLOQUE_4CFG_7332_20260608_135546_CFG001_CONFIG_01_-_B1F_AVG1_ADC16384;configurations;toma con tabla personalizada de configuraciones;CONFIG 01 - B1F_AVG1_ADC16384;97;9.626960;16210;43892;31.64;2303;-0.30352;-0.40244;0;0;0;;;;
BLOQUE_4CFG_7332_20260608_135546_CFG001_CONFIG_01_-_B1F_AVG1_ADC16384;7332;BLOQUE_4CFG_7332_20260608_135546_CFG001_CONFIG_01_-_B1F_AVG1_ADC16384;configurations;toma con tabla personalizada de configuraciones;CONFIG 01 - B1F_AVG1_ADC16384;98;9.706858;16208;43912;31.18;2286;-0.65426;0.00805;0;0;0;;;;
BLOQUE_4CFG_7332_20260608_135546_CFG001_CONFIG_01_-_B1F_AVG1_ADC16384;7332;BLOQUE_4CFG_7332_20260608_135546_CFG001_CONFIG_01_-_B1F_AVG1_ADC16384;configurations;toma con tabla personalizada de configuraciones;CONFIG 01 - B1F_AVG1_ADC16384;99;9.827376;16201;43917;31.21;2287;-1.68623;0.01771;0;0;0;;;;
BLOQUE_4CFG_7332_20260608_135546_CFG001_CONFIG_01_-_B1F_AVG1_ADC16384;7332;BLOQUE_4CFG_7332_20260608_135546_CFG001_CONFIG_01_-_B1F_AVG1_ADC16384;configurations;toma con tabla personalizada de configuraciones;CONFIG 01 - B1F_AVG1_ADC16384;100;9.907990;16218;43937;31.02;2280;0.66100;0.42176;0;0;0;;;;
BLOQUE_4CFG_7332_20260608_135546_CFG001_CONFIG_01_-_B1F_AVG1_ADC16384;7332;BLOQUE_4CFG_7332_20260608_135546_CFG001_CONFIG_01_-_B1F_AVG1_ADC16384;configurations;toma con tabla personalizada de configuraciones;CONFIG 01 - B1F_AVG1_ADC16384;101;10.027913;16211;43924;31.64;2303;-0.37771;-0.22215;0;0;0;;;;
BLOQUE_4CFG_7332_20260608_135546_CFG001_CONFIG_01_-_B1F_AVG1_ADC16384;7332;BLOQUE_4CFG_7332_20260608_135546_CFG001_CONFIG_01_-_B1F_AVG1_ADC16384;configurations;toma con tabla personalizada de configuraciones;CONFIG 01 - B1F_AVG1_ADC16384;102;10.108735;16217;43933;31.69;2305;0.34399;-0.12073;0;0;0;;;;
BLOQUE_4CFG_7332_20260608_135546_CFG001_CONFIG_01_-_B1F_AVG1_ADC16384;7332;BLOQUE_4CFG_7332_20260608_135546_CFG001_CONFIG_01_-_B1F_AVG1_ADC16384;configurations;toma con tabla personalizada de configuraciones;CONFIG 01 - B1F_AVG1_ADC16384;103;10.228650;16219;43977;32.15;2322;0.58006;1.10913;0;0;0;;;;
BLOQUE_4CFG_7332_20260608_135546_CFG001_CONFIG_01_-_B1F_AVG1_ADC16384;7332;BLOQUE_4CFG_7332_20260608_135546_CFG001_CONFIG_01_-_B1F_AVG1_ADC16384;configurations;toma con tabla personalizada de configuraciones;CONFIG 01 - B1F_AVG1_ADC16384;104;10.308339;16224;43954;31.64;2303;1.18036;0.18351;0;0;0;;;;
BLOQUE_4CFG_7332_20260608_135546_CFG001_CONFIG_01_-_B1F_AVG1_ADC16384;7332;BLOQUE_4CFG_7332_20260608_135546_CFG001_CONFIG_01_-_B1F_AVG1_ADC16384;configurations;toma con tabla personalizada de configuraciones;CONFIG 01 - B1F_AVG1_ADC16384;105;10.429246;16230;43988;31.83;2310;1.88183;1.12522;0;0;0;;;;
BLOQUE_4CFG_7332_20260608_135546_CFG001_CONFIG_01_-_B1F_AVG1_ADC16384;7332;BLOQUE_4CFG_7332_20260608_135546_CFG001_CONFIG_01_-_B1F_AVG1_ADC16384;configurations;toma con tabla personalizada de configuraciones;CONFIG 01 - B1F_AVG1_ADC16384;106;10.509108;16216;43960;31.69;2305;-0.16862;-0.02737;0;0;0;;;;
BLOQUE_4CFG_7332_20260608_135546_CFG001_CONFIG_01_-_B1F_AVG1_ADC16384;7332;BLOQUE_4CFG_7332_20260608_135546_CFG001_CONFIG_01_-_B1F_AVG1_ADC16384;configurations;toma con tabla personalizada de configuraciones;CONFIG 01 - B1F_AVG1_ADC16384;107;10.629655;16222;43961;31.64;2303;0.50587;-0.14649;0;0;0;;;;
BLOQUE_4CFG_7332_20260608_135546_CFG001_CONFIG_01_-_B1F_AVG1_ADC16384;7332;BLOQUE_4CFG_7332_20260608_135546_CFG001_CONFIG_01_-_B1F_AVG1_ADC16384;configurations;toma con tabla personalizada de configuraciones;CONFIG 01 - B1F_AVG1_ADC16384;108;10.709715;16220;44003;31.88;2312;0.17537;1.18640;0;0;0;;;;
BLOQUE_4CFG_7332_20260608_135546_CFG001_CONFIG_01_-_B1F_AVG1_ADC16384;7332;BLOQUE_4CFG_7332_20260608_135546_CFG001_CONFIG_01_-_B1F_AVG1_ADC16384;configurations;toma con tabla personalizada de configuraciones;CONFIG 01 - B1F_AVG1_ADC16384;109;10.830242;16219;43982;31.64;2303;-0.05396;0.38956;0;0;0;;;;
BLOQUE_4CFG_7332_20260608_135546_CFG001_CONFIG_01_-_B1F_AVG1_ADC16384;7332;BLOQUE_4CFG_7332_20260608_135546_CFG001_CONFIG_01_-_B1F_AVG1_ADC16384;configurations;toma con tabla personalizada de configuraciones;CONFIG 01 - B1F_AVG1_ADC16384;110;10.910577;16222;44013;30.86;2274;0.18211;1.28298;0;0;0;;;;
BLOQUE_4CFG_7332_20260608_135546_CFG001_CONFIG_01_-_B1F_AVG1_ADC16384;7332;BLOQUE_4CFG_7332_20260608_135546_CFG001_CONFIG_01_-_B1F_AVG1_ADC16384;configurations;toma con tabla personalizada de configuraciones;CONFIG 01 - B1F_AVG1_ADC16384;111;11.030824;16217;43967;30.94;2277;-0.56657;-0.35093;0;0;0;;;;
BLOQUE_4CFG_7332_20260608_135546_CFG001_CONFIG_01_-_B1F_AVG1_ADC16384;7332;BLOQUE_4CFG_7332_20260608_135546_CFG001_CONFIG_01_-_B1F_AVG1_ADC16384;configurations;toma con tabla personalizada de configuraciones;CONFIG 01 - B1F_AVG1_ADC16384;112;11.111075;16219;43955;31.74;2307;-0.44516;-0.83708;0;0;1;;;;
BLOQUE_4CFG_7332_20260608_135546_CFG001_CONFIG_01_-_B1F_AVG1_ADC16384;7332;BLOQUE_4CFG_7332_20260608_135546_CFG001_CONFIG_01_-_B1F_AVG1_ADC16384;configurations;toma con tabla personalizada de configuraciones;CONFIG 01 - B1F_AVG1_ADC16384;113;11.231297;16214;44004;31.18;2286;-1.24781;0.79361;0;0;0;;;;
BLOQUE_4CFG_7332_20260608_135546_CFG001_CONFIG_01_-_B1F_AVG1_ADC16384;7332;BLOQUE_4CFG_7332_20260608_135546_CFG001_CONFIG_01_-_B1F_AVG1_ADC16384;configurations;toma con tabla personalizada de configuraciones;CONFIG 01 - B1F_AVG1_ADC16384;114;11.311488;16220;43998;31.88;2312;-0.46540;0.47166;0;0;0;;;;
BLOQUE_4CFG_7332_20260608_135546_CFG001_CONFIG_01_-_B1F_AVG1_ADC16384;7332;BLOQUE_4CFG_7332_20260608_135546_CFG001_CONFIG_01_-_B1F_AVG1_ADC16384;configurations;toma con tabla personalizada de configuraciones;CONFIG 01 - B1F_AVG1_ADC16384;115;11.431964;16227;44022;31.83;2310;0.51261;1.27010;0;0;0;;;;
BLOQUE_4CFG_7332_20260608_135546_CFG001_CONFIG_01_-_B1F_AVG1_ADC16384;7332;BLOQUE_4CFG_7332_20260608_135546_CFG001_CONFIG_01_-_B1F_AVG1_ADC16384;configurations;toma con tabla personalizada de configuraciones;CONFIG 01 - B1F_AVG1_ADC16384;116;11.512106;16224;44008;31.93;2314;0.06070;0.81454;0;0;0;;;;
BLOQUE_4CFG_7332_20260608_135546_CFG001_CONFIG_01_-_B1F_AVG1_ADC16384;7332;BLOQUE_4CFG_7332_20260608_135546_CFG001_CONFIG_01_-_B1F_AVG1_ADC16384;configurations;toma con tabla personalizada de configuraciones;CONFIG 01 - B1F_AVG1_ADC16384;117;11.632606;16226;43954;31.83;2310;0.25631;-1.03347;0;0;0;;;;
BLOQUE_4CFG_7332_20260608_135546_CFG001_CONFIG_01_-_B1F_AVG1_ADC16384;7332;BLOQUE_4CFG_7332_20260608_135546_CFG001_CONFIG_01_-_B1F_AVG1_ADC16384;configurations;toma con tabla personalizada de configuraciones;CONFIG 01 - B1F_AVG1_ADC16384;118;11.712483;16217;43946;30.92;2276;-1.10616;-1.38601;0;0;1;;;;
BLOQUE_4CFG_7332_20260608_135546_CFG001_CONFIG_01_-_B1F_AVG1_ADC16384;7332;BLOQUE_4CFG_7332_20260608_135546_CFG001_CONFIG_01_-_B1F_AVG1_ADC16384;configurations;toma con tabla personalizada de configuraciones;CONFIG 01 - B1F_AVG1_ADC16384;119;11.832972;16221;43966;31.42;2295;-0.67449;-0.65195;0;0;0;;;;
BLOQUE_4CFG_7332_20260608_135546_CFG001_CONFIG_01_-_B1F_AVG1_ADC16384;7332;BLOQUE_4CFG_7332_20260608_135546_CFG001_CONFIG_01_-_B1F_AVG1_ADC16384;configurations;toma con tabla personalizada de configuraciones;CONFIG 01 - B1F_AVG1_ADC16384;120;11.913634;16229;44013;31.93;2314;0.28329;0.88537;0;0;0;;;;
BLOQUE_4CFG_7332_20260608_135546_CFG001_CONFIG_01_-_B1F_AVG1_ADC16384;7332;BLOQUE_4CFG_7332_20260608_135546_CFG001_CONFIG_01_-_B1F_AVG1_ADC16384;configurations;toma con tabla personalizada de configuraciones;CONFIG 01 - B1F_AVG1_ADC16384;121;12.033686;16224;43986;31.88;2312;-0.58006;-0.03702;0;0;0;;;;
BLOQUE_4CFG_7332_20260608_135546_CFG001_CONFIG_01_-_B1F_AVG1_ADC16384;7332;BLOQUE_4CFG_7332_20260608_135546_CFG001_CONFIG_01_-_B1F_AVG1_ADC16384;configurations;toma con tabla personalizada de configuraciones;CONFIG 01 - B1F_AVG1_ADC16384;122;12.114249;16235;43974;32.15;2322;0.68124;-0.58273;0;0;0;;;;
BLOQUE_4CFG_7332_20260608_135546_CFG001_CONFIG_01_-_B1F_AVG1_ADC16384;7332;BLOQUE_4CFG_7332_20260608_135546_CFG001_CONFIG_01_-_B1F_AVG1_ADC16384;configurations;toma con tabla personalizada de configuraciones;CONFIG 01 - B1F_AVG1_ADC16384;123;12.234110;16231;43949;31.85;2311;-0.18211;-1.64679;0;0;1;;;;
BLOQUE_4CFG_7332_20260608_135546_CFG001_CONFIG_01_-_B1F_AVG1_ADC16384;7332;BLOQUE_4CFG_7332_20260608_135546_CFG001_CONFIG_01_-_B1F_AVG1_ADC16384;configurations;toma con tabla personalizada de configuraciones;CONFIG 01 - B1F_AVG1_ADC16384;124;12.315005;16229;44051;31.85;2311;-0.82962;1.71762;0;0;0;;;;
BLOQUE_4CFG_7332_20260608_135546_CFG001_CONFIG_01_-_B1F_AVG1_ADC16384;7332;BLOQUE_4CFG_7332_20260608_135546_CFG001_CONFIG_01_-_B1F_AVG1_ADC16384;configurations;toma con tabla personalizada de configuraciones;CONFIG 01 - B1F_AVG1_ADC16384;125;12.434642;16226;43962;32.01;2317;-1.68623;-1.46488;0;0;0;;;;
BLOQUE_4CFG_7332_20260608_135546_CFG001_CONFIG_01_-_B1F_AVG1_ADC16384;7332;BLOQUE_4CFG_7332_20260608_135546_CFG001_CONFIG_01_-_B1F_AVG1_ADC16384;configurations;toma con tabla personalizada de configuraciones;CONFIG 01 - B1F_AVG1_ADC16384;126;12.515153;16234;43977;31.93;2314;-0.87684;-1.08659;0;0;1;;;;
BLOQUE_4CFG_7332_20260608_135546_CFG001_CONFIG_01_-_B1F_AVG1_ADC16384;7332;BLOQUE_4CFG_7332_20260608_135546_CFG001_CONFIG_01_-_B1F_AVG1_ADC16384;configurations;toma con tabla personalizada de configuraciones;CONFIG 01 - B1F_AVG1_ADC16384;127;12.635207;16229;43974;32.12;2321;-2.01673;-1.37474;0;0;0;;;;
BLOQUE_4CFG_7332_20260608_135546_CFG001_CONFIG_01_-_B1F_AVG1_ADC16384;7332;BLOQUE_4CFG_7332_20260608_135546_CFG001_CONFIG_01_-_B1F_AVG1_ADC16384;configurations;toma con tabla personalizada de configuraciones;CONFIG 01 - B1F_AVG1_ADC16384;128;12.714980;16235;44012;32.04;2318;-1.57156;-0.40566;0;0;0;;;;
BLOQUE_4CFG_7332_20260608_135546_CFG001_CONFIG_01_-_B1F_AVG1_ADC16384;7332;BLOQUE_4CFG_7332_20260608_135546_CFG001_CONFIG_01_-_B1F_AVG1_ADC16384;configurations;toma con tabla personalizada de configuraciones;CONFIG 01 - B1F_AVG1_ADC16384;129;12.835890;16240;43967;31.26;2289;-1.34898;-2.20055;0;0;0;;;;
BLOQUE_4CFG_7332_20260608_135546_CFG001_CONFIG_01_-_B1F_AVG1_ADC16384;7332;BLOQUE_4CFG_7332_20260608_135546_CFG001_CONFIG_01_-_B1F_AVG1_ADC16384;configurations;toma con tabla personalizada de configuraciones;CONFIG 01 - B1F_AVG1_ADC16384;130;12.916673;16245;44014;31.05;2281;-1.16687;-0.91274;0;0;1;;;;
BLOQUE_4CFG_7332_20260608_135546_CFG001_CONFIG_01_-_B1F_AVG1_ADC16384;7332;BLOQUE_4CFG_7332_20260608_135546_CFG001_CONFIG_01_-_B1F_AVG1_ADC16384;configurations;toma con tabla personalizada de configuraciones;CONFIG 01 - B1F_AVG1_ADC16384;131;13.036441;16245;44019;32.09;2320;-1.64576;-0.98035;0;0;0;;;;
BLOQUE_4CFG_7332_20260608_135546_CFG001_CONFIG_01_-_B1F_AVG1_ADC16384;7332;BLOQUE_4CFG_7332_20260608_135546_CFG001_CONFIG_01_-_B1F_AVG1_ADC16384;configurations;toma con tabla personalizada de configuraciones;CONFIG 01 - B1F_AVG1_ADC16384;132;13.116936;16261;44054;31.91;2313;0.02698;-0.10624;0;0;0;;;;
BLOQUE_4CFG_7332_20260608_135546_CFG001_CONFIG_01_-_B1F_AVG1_ADC16384;7332;BLOQUE_4CFG_7332_20260608_135546_CFG001_CONFIG_01_-_B1F_AVG1_ADC16384;configurations;toma con tabla personalizada de configuraciones;CONFIG 01 - B1F_AVG1_ADC16384;133;13.237013;16263;44091;31.45;2296;-0.20909;0.78395;0;0;0;;;;
BLOQUE_4CFG_7332_20260608_135546_CFG001_CONFIG_01_-_B1F_AVG1_ADC16384;7332;BLOQUE_4CFG_7332_20260608_135546_CFG001_CONFIG_01_-_B1F_AVG1_ADC16384;configurations;toma con tabla personalizada de configuraciones;CONFIG 01 - B1F_AVG1_ADC16384;134;13.317215;16268;44056;31.21;2287;-0.09443;-0.74210;0;0;0;;;;
BLOQUE_4CFG_7332_20260608_135546_CFG001_CONFIG_01_-_B1F_AVG1_ADC16384;7332;BLOQUE_4CFG_7332_20260608_135546_CFG001_CONFIG_01_-_B1F_AVG1_ADC16384;configurations;toma con tabla personalizada de configuraciones;CONFIG 01 - B1F_AVG1_ADC16384;135;13.437555;16284;44106;31.91;2313;1.54458;0.77913;0;0;0;;;;
BLOQUE_4CFG_7332_20260608_135546_CFG001_CONFIG_01_-_B1F_AVG1_ADC16384;7332;BLOQUE_4CFG_7332_20260608_135546_CFG001_CONFIG_01_-_B1F_AVG1_ADC16384;configurations;toma con tabla personalizada de configuraciones;CONFIG 01 - B1F_AVG1_ADC16384;136;13.517737;16275;44102;32.04;2318;-0.36423;0.32195;0;0;0;;;;
BLOQUE_4CFG_7332_20260608_135546_CFG001_CONFIG_01_-_B1F_AVG1_ADC16384;7332;BLOQUE_4CFG_7332_20260608_135546_CFG001_CONFIG_01_-_B1F_AVG1_ADC16384;configurations;toma con tabla personalizada de configuraciones;CONFIG 01 - B1F_AVG1_ADC16384;137;13.637963;16288;44124;32.18;2323;0.82962;0.70347;0;0;0;;;;
BLOQUE_4CFG_7332_20260608_135546_CFG001_CONFIG_01_-_B1F_AVG1_ADC16384;7332;BLOQUE_4CFG_7332_20260608_135546_CFG001_CONFIG_01_-_B1F_AVG1_ADC16384;configurations;toma con tabla personalizada de configuraciones;CONFIG 01 - B1F_AVG1_ADC16384;138;13.718759;16286;44150;31.80;2309;-0.16188;1.18801;0;0;0;;;;
BLOQUE_4CFG_7332_20260608_135546_CFG001_CONFIG_01_-_B1F_AVG1_ADC16384;7332;BLOQUE_4CFG_7332_20260608_135546_CFG001_CONFIG_01_-_B1F_AVG1_ADC16384;configurations;toma con tabla personalizada de configuraciones;CONFIG 01 - B1F_AVG1_ADC16384;139;13.838477;16289;44116;32.09;2320;-0.43167;-0.28010;0;0;0;;;;
BLOQUE_4CFG_7332_20260608_135546_CFG001_CONFIG_01_-_B1F_AVG1_ADC16384;7332;BLOQUE_4CFG_7332_20260608_135546_CFG001_CONFIG_01_-_B1F_AVG1_ADC16384;configurations;toma con tabla personalizada de configuraciones;CONFIG 01 - B1F_AVG1_ADC16384;140;13.918793;16299;44153;32.50;2335;0.31701;0.57308;0;0;0;;;;
BLOQUE_4CFG_7332_20260608_135546_CFG001_CONFIG_01_-_B1F_AVG1_ADC16384;7332;BLOQUE_4CFG_7332_20260608_135546_CFG001_CONFIG_01_-_B1F_AVG1_ADC16384;configurations;toma con tabla personalizada de configuraciones;CONFIG 01 - B1F_AVG1_ADC16384;141;14.039110;16300;44160;31.77;2308;-0.16188;0.54732;0;0;0;;;;
BLOQUE_4CFG_7332_20260608_135546_CFG001_CONFIG_01_-_B1F_AVG1_ADC16384;7332;BLOQUE_4CFG_7332_20260608_135546_CFG001_CONFIG_01_-_B1F_AVG1_ADC16384;configurations;toma con tabla personalizada de configuraciones;CONFIG 01 - B1F_AVG1_ADC16384;142;14.119129;16312;44178;31.96;2315;0.84311;0.83869;0;0;0;;;;
BLOQUE_4CFG_7332_20260608_135546_CFG001_CONFIG_01_-_B1F_AVG1_ADC16384;7332;BLOQUE_4CFG_7332_20260608_135546_CFG001_CONFIG_01_-_B1F_AVG1_ADC16384;configurations;toma con tabla personalizada de configuraciones;CONFIG 01 - B1F_AVG1_ADC16384;143;14.239710;16312;44198;31.99;2316;0.20235;1.17030;0;0;0;;;;
BLOQUE_4CFG_7332_20260608_135546_CFG001_CONFIG_01_-_B1F_AVG1_ADC16384;7332;BLOQUE_4CFG_7332_20260608_135546_CFG001_CONFIG_01_-_B1F_AVG1_ADC16384;configurations;toma con tabla personalizada de configuraciones;CONFIG 01 - B1F_AVG1_ADC16384;144;14.319805;16319;44162;31.96;2315;0.48563;-0.32356;0;0;0;;;;
BLOQUE_4CFG_7332_20260608_135546_CFG001_CONFIG_01_-_B1F_AVG1_ADC16384;7332;BLOQUE_4CFG_7332_20260608_135546_CFG001_CONFIG_01_-_B1F_AVG1_ADC16384;configurations;toma con tabla personalizada de configuraciones;CONFIG 01 - B1F_AVG1_ADC16384;145;14.440305;16322;44156;31.58;2301;0.19560;-0.90952;0;0;0;;;;
BLOQUE_4CFG_7332_20260608_135546_CFG001_CONFIG_01_-_B1F_AVG1_ADC16384;7332;BLOQUE_4CFG_7332_20260608_135546_CFG001_CONFIG_01_-_B1F_AVG1_ADC16384;configurations;toma con tabla personalizada de configuraciones;CONFIG 01 - B1F_AVG1_ADC16384;146;14.520661;16320;44162;32.01;2317;-0.66100;-0.93205;0;0;1;;;;
BLOQUE_4CFG_7332_20260608_135546_CFG001_CONFIG_01_-_B1F_AVG1_ADC16384;7332;BLOQUE_4CFG_7332_20260608_135546_CFG001_CONFIG_01_-_B1F_AVG1_ADC16384;configurations;toma con tabla personalizada de configuraciones;CONFIG 01 - B1F_AVG1_ADC16384;147;14.640775;16330;44202;32.09;2320;0.04721;0.12878;0;0;0;;;;
BLOQUE_4CFG_7332_20260608_135546_CFG001_CONFIG_01_-_B1F_AVG1_ADC16384;7332;BLOQUE_4CFG_7332_20260608_135546_CFG001_CONFIG_01_-_B1F_AVG1_ADC16384;configurations;toma con tabla personalizada de configuraciones;CONFIG 01 - B1F_AVG1_ADC16384;148;14.721230;16334;44219;31.21;2287;0.00000;0.41371;0;0;0;;;;
BLOQUE_4CFG_7332_20260608_135546_CFG001_CONFIG_01_-_B1F_AVG1_ADC16384;7332;BLOQUE_4CFG_7332_20260608_135546_CFG001_CONFIG_01_-_B1F_AVG1_ADC16384;configurations;toma con tabla personalizada de configuraciones;CONFIG 01 - B1F_AVG1_ADC16384;149;14.841383;16338;44210;31.26;2289;-0.16862;-0.16259;0;0;0;;;;
BLOQUE_4CFG_7332_20260608_135546_CFG001_CONFIG_01_-_B1F_AVG1_ADC16384;7332;BLOQUE_4CFG_7332_20260608_135546_CFG001_CONFIG_01_-_B1F_AVG1_ADC16384;configurations;toma con tabla personalizada de configuraciones;CONFIG 01 - B1F_AVG1_ADC16384;150;14.922118;16339;44214;31.21;2287;-0.80264;-0.43786;0;0;0;;;;
BLOQUE_4CFG_7332_20260608_135546_CFG001_CONFIG_01_-_B1F_AVG1_ADC16384;7332;BLOQUE_4CFG_7332_20260608_135546_CFG001_CONFIG_01_-_B1F_AVG1_ADC16384;configurations;toma con tabla personalizada de configuraciones;CONFIG 01 - B1F_AVG1_ADC16384;151;15.041821;16337;44177;31.96;2315;-1.81438;-1.98967;0;0;0;;;;
BLOQUE_4CFG_7332_20260608_135546_CFG001_CONFIG_01_-_B1F_AVG1_ADC16384;7332;BLOQUE_4CFG_7332_20260608_135546_CFG001_CONFIG_01_-_B1F_AVG1_ADC16384;configurations;toma con tabla personalizada de configuraciones;CONFIG 01 - B1F_AVG1_ADC16384;152;15.122355;16348;44216;32.69;2342;-1.01174;-0.95620;0;0;1;;;;
BLOQUE_4CFG_7332_20260608_135546_CFG001_CONFIG_01_-_B1F_AVG1_ADC16384;7332;BLOQUE_4CFG_7332_20260608_135546_CFG001_CONFIG_01_-_B1F_AVG1_ADC16384;configurations;toma con tabla personalizada de configuraciones;CONFIG 01 - B1F_AVG1_ADC16384;153;15.242467;16356;44268;32.01;2317;-0.51261;0.49742;0;0;0;;;;
BLOQUE_4CFG_7332_20260608_135546_CFG001_CONFIG_01_-_B1F_AVG1_ADC16384;7332;BLOQUE_4CFG_7332_20260608_135546_CFG001_CONFIG_01_-_B1F_AVG1_ADC16384;configurations;toma con tabla personalizada de configuraciones;CONFIG 01 - B1F_AVG1_ADC16384;154;15.323142;16368;44263;31.66;2304;0.47889;0.06761;0;0;0;;;;
BLOQUE_4CFG_7332_20260608_135546_CFG001_CONFIG_01_-_B1F_AVG1_ADC16384;7332;BLOQUE_4CFG_7332_20260608_135546_CFG001_CONFIG_01_-_B1F_AVG1_ADC16384;configurations;toma con tabla personalizada de configuraciones;CONFIG 01 - B1F_AVG1_ADC16384;155;15.443048;16374;44294;32.04;2318;0.63402;0.74693;0;0;0;;;;
BLOQUE_4CFG_7332_20260608_135546_CFG001_CONFIG_01_-_B1F_AVG1_ADC16384;7332;BLOQUE_4CFG_7332_20260608_135546_CFG001_CONFIG_01_-_B1F_AVG1_ADC16384;configurations;toma con tabla personalizada de configuraciones;CONFIG 01 - B1F_AVG1_ADC16384;156;15.523031;16369;44246;31.56;2300;-0.78241;-1.23147;0;0;0;;;;
BLOQUE_4CFG_7332_20260608_135546_CFG001_CONFIG_01_-_B1F_AVG1_ADC16384;7332;BLOQUE_4CFG_7332_20260608_135546_CFG001_CONFIG_01_-_B1F_AVG1_ADC16384;configurations;toma con tabla personalizada de configuraciones;CONFIG 01 - B1F_AVG1_ADC16384;157;15.643466;16380;44283;31.29;2290;0.00000;-0.26078;0;0;1;;;;
BLOQUE_4CFG_7332_20260608_135546_CFG001_CONFIG_01_-_B1F_AVG1_ADC16384;7332;BLOQUE_4CFG_7332_20260608_135546_CFG001_CONFIG_01_-_B1F_AVG1_ADC16384;configurations;toma con tabla personalizada de configuraciones;CONFIG 01 - B1F_AVG1_ADC16384;158;15.723983;16379;44304;31.40;2294;-0.77566;0.28332;0;0;0;;;;
BLOQUE_4CFG_7332_20260608_135546_CFG001_CONFIG_01_-_B1F_AVG1_ADC16384;7332;BLOQUE_4CFG_7332_20260608_135546_CFG001_CONFIG_01_-_B1F_AVG1_ADC16384;configurations;toma con tabla personalizada de configuraciones;CONFIG 01 - B1F_AVG1_ADC16384;159;15.844054;16395;44319;32.15;2322;0.84986;0.67288;0;0;0;;;;
BLOQUE_4CFG_7332_20260608_135546_CFG001_CONFIG_01_-_B1F_AVG1_ADC16384;7332;BLOQUE_4CFG_7332_20260608_135546_CFG001_CONFIG_01_-_B1F_AVG1_ADC16384;configurations;toma con tabla personalizada de configuraciones;CONFIG 01 - B1F_AVG1_ADC16384;160;15.924494;16404;44371;32.36;2330;1.47713;2.24079;0;0;0;;;;
BLOQUE_4CFG_7332_20260608_135546_CFG001_CONFIG_01_-_B1F_AVG1_ADC16384;7332;BLOQUE_4CFG_7332_20260608_135546_CFG001_CONFIG_01_-_B1F_AVG1_ADC16384;configurations;toma con tabla personalizada de configuraciones;CONFIG 01 - B1F_AVG1_ADC16384;161;16.044645;16407;44340;32.55;2337;1.26130;0.95459;0;0;0;;;;
BLOQUE_4CFG_7332_20260608_135546_CFG001_CONFIG_01_-_B1F_AVG1_ADC16384;7332;BLOQUE_4CFG_7332_20260608_135546_CFG001_CONFIG_01_-_B1F_AVG1_ADC16384;configurations;toma con tabla personalizada de configuraciones;CONFIG 01 - B1F_AVG1_ADC16384;162;16.124824;16412;44337;32.28;2327;1.08593;0.50225;0;0;0;;;;
BLOQUE_4CFG_7332_20260608_135546_CFG001_CONFIG_01_-_B1F_AVG1_ADC16384;7332;BLOQUE_4CFG_7332_20260608_135546_CFG001_CONFIG_01_-_B1F_AVG1_ADC16384;configurations;toma con tabla personalizada de configuraciones;CONFIG 01 - B1F_AVG1_ADC16384;163;16.245147;16406;44367;32.07;2319;-0.41818;1.25883;0;0;0;;;;
BLOQUE_4CFG_7332_20260608_135546_CFG001_CONFIG_01_-_B1F_AVG1_ADC16384;7332;BLOQUE_4CFG_7332_20260608_135546_CFG001_CONFIG_01_-_B1F_AVG1_ADC16384;configurations;toma con tabla personalizada de configuraciones;CONFIG 01 - B1F_AVG1_ADC16384;164;16.325823;16417;44360;31.83;2310;0.44516;0.85800;0;0;0;;;;
BLOQUE_4CFG_7332_20260608_135546_CFG001_CONFIG_01_-_B1F_AVG1_ADC16384;7332;BLOQUE_4CFG_7332_20260608_135546_CFG001_CONFIG_01_-_B1F_AVG1_ADC16384;configurations;toma con tabla personalizada de configuraciones;CONFIG 01 - B1F_AVG1_ADC16384;165;16.445847;16422;44391;32.18;2323;0.51261;1.77074;0;0;0;;;;
BLOQUE_4CFG_7332_20260608_135546_CFG001_CONFIG_01_-_B1F_AVG1_ADC16384;7332;BLOQUE_4CFG_7332_20260608_135546_CFG001_CONFIG_01_-_B1F_AVG1_ADC16384;configurations;toma con tabla personalizada de configuraciones;CONFIG 01 - B1F_AVG1_ADC16384;166;16.525558;16427;44377;32.15;2322;0.66775;1.26527;0;0;0;;;;
BLOQUE_4CFG_7332_20260608_135546_CFG001_CONFIG_01_-_B1F_AVG1_ADC16384;7332;BLOQUE_4CFG_7332_20260608_135546_CFG001_CONFIG_01_-_B1F_AVG1_ADC16384;configurations;toma con tabla personalizada de configuraciones;CONFIG 01 - B1F_AVG1_ADC16384;167;16.646397;16435;44336;32.50;2335;1.09942;-0.28171;0;0;0;;;;
BLOQUE_4CFG_7332_20260608_135546_CFG001_CONFIG_01_-_B1F_AVG1_ADC16384;7332;BLOQUE_4CFG_7332_20260608_135546_CFG001_CONFIG_01_-_B1F_AVG1_ADC16384;configurations;toma con tabla personalizada de configuraciones;CONFIG 01 - B1F_AVG1_ADC16384;168;16.726748;16424;44305;31.42;2295;-1.03197;-1.42786;0;0;0;;;;
BLOQUE_4CFG_7332_20260608_135546_CFG001_CONFIG_01_-_B1F_AVG1_ADC16384;7332;BLOQUE_4CFG_7332_20260608_135546_CFG001_CONFIG_01_-_B1F_AVG1_ADC16384;configurations;toma con tabla personalizada de configuraciones;CONFIG 01 - B1F_AVG1_ADC16384;169;16.846843;16429;44292;32.20;2324;-0.97127;-1.93976;1;0;0;;;;
BLOQUE_4CFG_7332_20260608_135546_CFG001_CONFIG_01_-_B1F_AVG1_ADC16384;7332;BLOQUE_4CFG_7332_20260608_135546_CFG001_CONFIG_01_-_B1F_AVG1_ADC16384;configurations;toma con tabla personalizada de configuraciones;CONFIG 01 - B1F_AVG1_ADC16384;170;16.927549;16434;44328;32.09;2320;-0.84986;-0.85639;1;0;1;;;;
BLOQUE_4CFG_7332_20260608_135546_CFG001_CONFIG_01_-_B1F_AVG1_ADC16384;7332;BLOQUE_4CFG_7332_20260608_135546_CFG001_CONFIG_01_-_B1F_AVG1_ADC16384;configurations;toma con tabla personalizada de configuraciones;CONFIG 01 - B1F_AVG1_ADC16384;171;17.047393;16434;44362;32.34;2329;-1.37596;0.33000;1;0;0;;;;
BLOQUE_4CFG_7332_20260608_135546_CFG001_CONFIG_01_-_B1F_AVG1_ADC16384;7332;BLOQUE_4CFG_7332_20260608_135546_CFG001_CONFIG_01_-_B1F_AVG1_ADC16384;configurations;toma con tabla personalizada de configuraciones;CONFIG 01 - B1F_AVG1_ADC16384;172;17.128054;16468;44395;31.72;2306;2.85310;1.40854;1;0;0;;;;
BLOQUE_4CFG_7332_20260608_135546_CFG001_CONFIG_01_-_B1F_AVG1_ADC16384;7332;BLOQUE_4CFG_7332_20260608_135546_CFG001_CONFIG_01_-_B1F_AVG1_ADC16384;configurations;toma con tabla personalizada de configuraciones;CONFIG 01 - B1F_AVG1_ADC16384;173;17.248005;16445;44376;31.42;2295;-0.95103;0.69381;1;0;0;;;;
BLOQUE_4CFG_7332_20260608_135546_CFG001_CONFIG_01_-_B1F_AVG1_ADC16384;7332;BLOQUE_4CFG_7332_20260608_135546_CFG001_CONFIG_01_-_B1F_AVG1_ADC16384;configurations;toma con tabla personalizada de configuraciones;CONFIG 01 - B1F_AVG1_ADC16384;174;17.328803;16459;44370;32.45;2333;0.38446;0.48293;1;0;0;;;;
BLOQUE_4CFG_7332_20260608_135546_CFG001_CONFIG_01_-_B1F_AVG1_ADC16384;7332;BLOQUE_4CFG_7332_20260608_135546_CFG001_CONFIG_01_-_B1F_AVG1_ADC16384;configurations;toma con tabla personalizada de configuraciones;CONFIG 01 - B1F_AVG1_ADC16384;175;17.448493;16463;44347;32.36;2330;0.34399;-0.36864;1;0;0;;;;
BLOQUE_4CFG_7332_20260608_135546_CFG001_CONFIG_01_-_B1F_AVG1_ADC16384;7332;BLOQUE_4CFG_7332_20260608_135546_CFG001_CONFIG_01_-_B1F_AVG1_ADC16384;configurations;toma con tabla personalizada de configuraciones;CONFIG 01 - B1F_AVG1_ADC16384;176;17.528852;16456;44314;32.42;2332;-1.26804;-1.45684;0;0;0;;;;
BLOQUE_4CFG_7332_20260608_135546_CFG001_CONFIG_01_-_B1F_AVG1_ADC16384;7332;BLOQUE_4CFG_7332_20260608_135546_CFG001_CONFIG_01_-_B1F_AVG1_ADC16384;configurations;toma con tabla personalizada de configuraciones;CONFIG 01 - B1F_AVG1_ADC16384;177;17.649247;16473;44346;32.07;2319;0.54634;-0.36864;0;0;1;;;;
BLOQUE_4CFG_7332_20260608_135546_CFG001_CONFIG_01_-_B1F_AVG1_ADC16384;7332;BLOQUE_4CFG_7332_20260608_135546_CFG001_CONFIG_01_-_B1F_AVG1_ADC16384;configurations;toma con tabla personalizada de configuraciones;CONFIG 01 - B1F_AVG1_ADC16384;178;17.729494;16465;44344;32.58;2338;-1.12640;-0.52961;0;0;0;;;;
BLOQUE_4CFG_7332_20260608_135546_CFG001_CONFIG_01_-_B1F_AVG1_ADC16384;7332;BLOQUE_4CFG_7332_20260608_135546_CFG001_CONFIG_01_-_B1F_AVG1_ADC16384;configurations;toma con tabla personalizada de configuraciones;CONFIG 01 - B1F_AVG1_ADC16384;179;17.849808;16475;44349;31.88;2312;-0.39120;-0.50386;0;0;0;;;;
BLOQUE_4CFG_7332_20260608_135546_CFG001_CONFIG_01_-_B1F_AVG1_ADC16384;7332;BLOQUE_4CFG_7332_20260608_135546_CFG001_CONFIG_01_-_B1F_AVG1_ADC16384;configurations;toma con tabla personalizada de configuraciones;CONFIG 01 - B1F_AVG1_ADC16384;180;17.929564;16482;44402;31.53;2299;-0.07419;1.06888;0;0;0;;;;
BLOQUE_4CFG_7332_20260608_135546_CFG001_CONFIG_01_-_B1F_AVG1_ADC16384;7332;BLOQUE_4CFG_7332_20260608_135546_CFG001_CONFIG_01_-_B1F_AVG1_ADC16384;configurations;toma con tabla personalizada de configuraciones;CONFIG 01 - B1F_AVG1_ADC16384;181;18.050243;16482;44348;31.18;2286;-0.75543;-0.89503;0;0;1;;;;
BLOQUE_4CFG_7332_20260608_135546_CFG001_CONFIG_01_-_B1F_AVG1_ADC16384;7332;BLOQUE_4CFG_7332_20260608_135546_CFG001_CONFIG_01_-_B1F_AVG1_ADC16384;configurations;toma con tabla personalizada de configuraciones;CONFIG 01 - B1F_AVG1_ADC16384;182;18.130721;16494;44363;32.28;2327;0.20235;-0.50225;0;0;0;;;;
BLOQUE_4CFG_7332_20260608_135546_CFG001_CONFIG_01_-_B1F_AVG1_ADC16384;7332;BLOQUE_4CFG_7332_20260608_135546_CFG001_CONFIG_01_-_B1F_AVG1_ADC16384;configurations;toma con tabla personalizada de configuraciones;CONFIG 01 - B1F_AVG1_ADC16384;183;18.250868;16493;44382;32.55;2337;-0.46540;0.09981;0;0;0;;;;
BLOQUE_4CFG_7332_20260608_135546_CFG001_CONFIG_01_-_B1F_AVG1_ADC16384;7332;BLOQUE_4CFG_7332_20260608_135546_CFG001_CONFIG_01_-_B1F_AVG1_ADC16384;configurations;toma con tabla personalizada de configuraciones;CONFIG 01 - B1F_AVG1_ADC16384;184;18.330756;16502;44372;31.66;2304;0.10117;-0.30425;0;0;0;;;;
BLOQUE_4CFG_7332_20260608_135546_CFG001_CONFIG_01_-_B1F_AVG1_ADC16384;7332;BLOQUE_4CFG_7332_20260608_135546_CFG001_CONFIG_01_-_B1F_AVG1_ADC16384;configurations;toma con tabla personalizada de configuraciones;CONFIG 01 - B1F_AVG1_ADC16384;185;18.451428;16507;44406;32.07;2319;0.15513;0.67127;0;0;0;;;;
BLOQUE_4CFG_7332_20260608_135546_CFG001_CONFIG_01_-_B1F_AVG1_ADC16384;7332;BLOQUE_4CFG_7332_20260608_135546_CFG001_CONFIG_01_-_B1F_AVG1_ADC16384;configurations;toma con tabla personalizada de configuraciones;CONFIG 01 - B1F_AVG1_ADC16384;186;18.531983;16514;44374;32.12;2321;0.48563;-0.57469;0;0;0;;;;
BLOQUE_4CFG_7332_20260608_135546_CFG001_CONFIG_01_-_B1F_AVG1_ADC16384;7332;BLOQUE_4CFG_7332_20260608_135546_CFG001_CONFIG_01_-_B1F_AVG1_ADC16384;configurations;toma con tabla personalizada de configuraciones;CONFIG 01 - B1F_AVG1_ADC16384;187;18.651858;16515;44373;31.24;2288;-0.14839;-0.86605;0;0;1;;;;
BLOQUE_4CFG_7332_20260608_135546_CFG001_CONFIG_01_-_B1F_AVG1_ADC16384;7332;BLOQUE_4CFG_7332_20260608_135546_CFG001_CONFIG_01_-_B1F_AVG1_ADC16384;configurations;toma con tabla personalizada de configuraciones;CONFIG 01 - B1F_AVG1_ADC16384;188;18.732213;16515;44394;32.28;2327;-0.80939;-0.32195;0;0;0;;;;
BLOQUE_4CFG_7332_20260608_135546_CFG001_CONFIG_01_-_B1F_AVG1_ADC16384;7332;BLOQUE_4CFG_7332_20260608_135546_CFG001_CONFIG_01_-_B1F_AVG1_ADC16384;configurations;toma con tabla personalizada de configuraciones;CONFIG 01 - B1F_AVG1_ADC16384;189;18.852490;16525;44394;32.01;2317;-0.12141;-0.45878;0;0;0;;;;
BLOQUE_4CFG_7332_20260608_135546_CFG001_CONFIG_01_-_B1F_AVG1_ADC16384;7332;BLOQUE_4CFG_7332_20260608_135546_CFG001_CONFIG_01_-_B1F_AVG1_ADC16384;configurations;toma con tabla personalizada de configuraciones;CONFIG 01 - B1F_AVG1_ADC16384;190;18.932858;16529;44428;31.61;2302;-0.26305;0.48293;0;0;0;;;;
BLOQUE_4CFG_7332_20260608_135546_CFG001_CONFIG_01_-_B1F_AVG1_ADC16384;7332;BLOQUE_4CFG_7332_20260608_135546_CFG001_CONFIG_01_-_B1F_AVG1_ADC16384;configurations;toma con tabla personalizada de configuraciones;CONFIG 01 - B1F_AVG1_ADC16384;191;19.053060;16535;44414;31.61;2302;-0.13490;-0.12234;0;0;0;;;;
BLOQUE_4CFG_7332_20260608_135546_CFG001_CONFIG_01_-_B1F_AVG1_ADC16384;7332;BLOQUE_4CFG_7332_20260608_135546_CFG001_CONFIG_01_-_B1F_AVG1_ADC16384;configurations;toma con tabla personalizada de configuraciones;CONFIG 01 - B1F_AVG1_ADC16384;192;19.133472;16544;44433;31.50;2298;0.31027;0.25595;0;0;0;;;;
BLOQUE_4CFG_7332_20260608_135546_CFG001_CONFIG_01_-_B1F_AVG1_ADC16384;7332;BLOQUE_4CFG_7332_20260608_135546_CFG001_CONFIG_01_-_B1F_AVG1_ADC16384;configurations;toma con tabla personalizada de configuraciones;CONFIG 01 - B1F_AVG1_ADC16384;193;19.253517;16546;44420;32.18;2323;-0.14839;-0.44429;0;0;0;;;;
BLOQUE_4CFG_7332_20260608_135546_CFG001_CONFIG_01_-_B1F_AVG1_ADC16384;7332;BLOQUE_4CFG_7332_20260608_135546_CFG001_CONFIG_01_-_B1F_AVG1_ADC16384;configurations;toma con tabla personalizada de configuraciones;CONFIG 01 - B1F_AVG1_ADC16384;194;19.333794;16550;44417;32.26;2326;-0.41818;-0.76303;0;0;1;;;;
BLOQUE_4CFG_7332_20260608_135546_CFG001_CONFIG_01_-_B1F_AVG1_ADC16384;7332;BLOQUE_4CFG_7332_20260608_135546_CFG001_CONFIG_01_-_B1F_AVG1_ADC16384;configurations;toma con tabla personalizada de configuraciones;CONFIG 01 - B1F_AVG1_ADC16384;195;19.454200;16556;44478;31.99;2316;-0.31027;1.09625;0;0;0;;;;
BLOQUE_4CFG_7332_20260608_135546_CFG001_CONFIG_01_-_B1F_AVG1_ADC16384;7332;BLOQUE_4CFG_7332_20260608_135546_CFG001_CONFIG_01_-_B1F_AVG1_ADC16384;configurations;toma con tabla personalizada de configuraciones;CONFIG 01 - B1F_AVG1_ADC16384;196;19.534460;16561;44449;31.77;2308;-0.33050;-0.01449;0;0;0;;;;
BLOQUE_4CFG_7332_20260608_135546_CFG001_CONFIG_01_-_B1F_AVG1_ADC16384;7332;BLOQUE_4CFG_7332_20260608_135546_CFG001_CONFIG_01_-_B1F_AVG1_ADC16384;configurations;toma con tabla personalizada de configuraciones;CONFIG 01 - B1F_AVG1_ADC16384;197;19.654770;16571;44474;31.80;2309;0.33725;0.57147;0;0;0;;;;
BLOQUE_4CFG_7332_20260608_135546_CFG001_CONFIG_01_-_B1F_AVG1_ADC16384;7332;BLOQUE_4CFG_7332_20260608_135546_CFG001_CONFIG_01_-_B1F_AVG1_ADC16384;configurations;toma con tabla personalizada de configuraciones;CONFIG 01 - B1F_AVG1_ADC16384;198;19.734727;16571;44449;32.12;2321;-0.41144;-0.55859;0;0;0;;;;
BLOQUE_4CFG_7332_20260608_135546_CFG001_CONFIG_01_-_B1F_AVG1_ADC16384;7332;BLOQUE_4CFG_7332_20260608_135546_CFG001_CONFIG_01_-_B1F_AVG1_ADC16384;configurations;toma con tabla personalizada de configuraciones;CONFIG 01 - B1F_AVG1_ADC16384;199;19.855278;16573;44429;31.50;2298;-0.93754;-1.50835;0;0;1;;;;
BLOQUE_4CFG_7332_20260608_135546_CFG001_CONFIG_01_-_B1F_AVG1_ADC16384;7332;BLOQUE_4CFG_7332_20260608_135546_CFG001_CONFIG_01_-_B1F_AVG1_ADC16384;configurations;toma con tabla personalizada de configuraciones;CONFIG 01 - B1F_AVG1_ADC16384;200;19.935882;16580;44478;32.58;2338;-0.71496;-0.12073;0;0;0;;;;
BLOQUE_4CFG_7332_20260608_135546_CFG001_CONFIG_01_-_B1F_AVG1_ADC16384;7332;BLOQUE_4CFG_7332_20260608_135546_CFG001_CONFIG_01_-_B1F_AVG1_ADC16384;configurations;toma con tabla personalizada de configuraciones;CONFIG 01 - B1F_AVG1_ADC16384;201;20.055746;16589;44484;31.77;2308;-0.15513;-0.04829;0;0;0;;;;
BLOQUE_4CFG_7332_20260608_135546_CFG001_CONFIG_01_-_B1F_AVG1_ADC16384;7332;BLOQUE_4CFG_7332_20260608_135546_CFG001_CONFIG_01_-_B1F_AVG1_ADC16384;configurations;toma con tabla personalizada de configuraciones;CONFIG 01 - B1F_AVG1_ADC16384;202;20.136330;16605;44512;31.88;2312;1.42992;0.67449;0;0;0;;;;
BLOQUE_4CFG_7332_20260608_135546_CFG001_CONFIG_01_-_B1F_AVG1_ADC16384;7332;BLOQUE_4CFG_7332_20260608_135546_CFG001_CONFIG_01_-_B1F_AVG1_ADC16384;configurations;toma con tabla personalizada de configuraciones;CONFIG 01 - B1F_AVG1_ADC16384;203;20.256468;16604;44525;32.09;2320;0.62053;0.87088;0;0;0;;;;
BLOQUE_4CFG_7332_20260608_135546_CFG001_CONFIG_01_-_B1F_AVG1_ADC16384;7332;BLOQUE_4CFG_7332_20260608_135546_CFG001_CONFIG_01_-_B1F_AVG1_ADC16384;configurations;toma con tabla personalizada de configuraciones;CONFIG 01 - B1F_AVG1_ADC16384;204;20.337145;16617;44517;32.15;2322;1.69972;0.34449;0;0;0;;;;
BLOQUE_4CFG_7332_20260608_135546_CFG001_CONFIG_01_-_B1F_AVG1_ADC16384;7332;BLOQUE_4CFG_7332_20260608_135546_CFG001_CONFIG_01_-_B1F_AVG1_ADC16384;configurations;toma con tabla personalizada de configuraciones;CONFIG 01 - B1F_AVG1_ADC16384;205;20.456882;16612;44498;32.28;2327;0.23607;-0.63586;0;0;0;;;;
BLOQUE_4CFG_7332_20260608_135546_CFG001_CONFIG_01_-_B1F_AVG1_ADC16384;7332;BLOQUE_4CFG_7332_20260608_135546_CFG001_CONFIG_01_-_B1F_AVG1_ADC16384;configurations;toma con tabla personalizada de configuraciones;CONFIG 01 - B1F_AVG1_ADC16384;206;20.536553;16615;44487;32.31;2328;-0.08094;-1.16225;0;0;0;;;;
BLOQUE_4CFG_7332_20260608_135546_CFG001_CONFIG_01_-_B1F_AVG1_ADC16384;7332;BLOQUE_4CFG_7332_20260608_135546_CFG001_CONFIG_01_-_B1F_AVG1_ADC16384;configurations;toma con tabla personalizada de configuraciones;CONFIG 01 - B1F_AVG1_ADC16384;207;20.657511;16625;44535;32.12;2321;0.58006;0.28654;0;0;1;;;;
BLOQUE_4CFG_7332_20260608_135546_CFG001_CONFIG_01_-_B1F_AVG1_ADC16384;7332;BLOQUE_4CFG_7332_20260608_135546_CFG001_CONFIG_01_-_B1F_AVG1_ADC16384;configurations;toma con tabla personalizada de configuraciones;CONFIG 01 - B1F_AVG1_ADC16384;208;20.737732;16626;44550;32.42;2332;0.07419;0.66322;0;0;0;;;;
BLOQUE_4CFG_7332_20260608_135546_CFG001_CONFIG_01_-_B1F_AVG1_ADC16384;7332;BLOQUE_4CFG_7332_20260608_135546_CFG001_CONFIG_01_-_B1F_AVG1_ADC16384;configurations;toma con tabla personalizada de configuraciones;CONFIG 01 - B1F_AVG1_ADC16384;209;20.857971;16635;44564;32.28;2327;0.63402;0.94010;0;0;0;;;;
BLOQUE_4CFG_7332_20260608_135546_CFG001_CONFIG_01_-_B1F_AVG1_ADC16384;7332;BLOQUE_4CFG_7332_20260608_135546_CFG001_CONFIG_01_-_B1F_AVG1_ADC16384;configurations;toma con tabla personalizada de configuraciones;CONFIG 01 - B1F_AVG1_ADC16384;210;20.938535;16639;44561;31.53;2299;0.50587;0.54410;0;0;0;;;;
BLOQUE_4CFG_7332_20260608_135546_CFG001_CONFIG_01_-_B1F_AVG1_ADC16384;7332;BLOQUE_4CFG_7332_20260608_135546_CFG001_CONFIG_01_-_B1F_AVG1_ADC16384;configurations;toma con tabla personalizada de configuraciones;CONFIG 01 - B1F_AVG1_ADC16384;211;21.058641;16635;44509;31.96;2315;-0.74868;-1.44396;0;0;1;;;;
BLOQUE_4CFG_7332_20260608_135546_CFG001_CONFIG_01_-_B1F_AVG1_ADC16384;7332;BLOQUE_4CFG_7332_20260608_135546_CFG001_CONFIG_01_-_B1F_AVG1_ADC16384;configurations;toma con tabla personalizada de configuraciones;CONFIG 01 - B1F_AVG1_ADC16384;212;21.139160;16636;44553;31.40;2294;-1.32200;-0.23181;0;0;0;;;;
BLOQUE_4CFG_7332_20260608_135546_CFG001_CONFIG_01_-_B1F_AVG1_ADC16384;7332;BLOQUE_4CFG_7332_20260608_135546_CFG001_CONFIG_01_-_B1F_AVG1_ADC16384;configurations;toma con tabla personalizada de configuraciones;CONFIG 01 - B1F_AVG1_ADC16384;213;21.259207;16643;44584;31.58;2301;-0.93080;0.56986;0;0;0;;;;
BLOQUE_4CFG_7332_20260608_135546_CFG001_CONFIG_01_-_B1F_AVG1_ADC16384;7332;BLOQUE_4CFG_7332_20260608_135546_CFG001_CONFIG_01_-_B1F_AVG1_ADC16384;configurations;toma con tabla personalizada de configuraciones;CONFIG 01 - B1F_AVG1_ADC16384;214;21.339936;16659;44579;32.39;2331;0.66100;0.17063;0;0;0;;;;
BLOQUE_4CFG_7332_20260608_135546_CFG001_CONFIG_01_-_B1F_AVG1_ADC16384;7332;BLOQUE_4CFG_7332_20260608_135546_CFG001_CONFIG_01_-_B1F_AVG1_ADC16384;configurations;toma con tabla personalizada de configuraciones;CONFIG 01 - B1F_AVG1_ADC16384;215;21.459827;16662;44627;32.58;2338;0.49912;1.58240;0;0;0;;;;
BLOQUE_4CFG_7332_20260608_135546_CFG001_CONFIG_01_-_B1F_AVG1_ADC16384;7332;BLOQUE_4CFG_7332_20260608_135546_CFG001_CONFIG_01_-_B1F_AVG1_ADC16384;configurations;toma con tabla personalizada de configuraciones;CONFIG 01 - B1F_AVG1_ADC16384;216;21.539424;16666;44574;31.53;2299;0.40469;-0.39278;0;0;0;;;;
BLOQUE_4CFG_7332_20260608_135546_CFG001_CONFIG_01_-_B1F_AVG1_ADC16384;7332;BLOQUE_4CFG_7332_20260608_135546_CFG001_CONFIG_01_-_B1F_AVG1_ADC16384;configurations;toma con tabla personalizada de configuraciones;CONFIG 01 - B1F_AVG1_ADC16384;217;21.660341;16673;44557;31.91;2313;0.63402;-1.24274;0;0;0;;;;
BLOQUE_4CFG_7332_20260608_135546_CFG001_CONFIG_01_-_B1F_AVG1_ADC16384;7332;BLOQUE_4CFG_7332_20260608_135546_CFG001_CONFIG_01_-_B1F_AVG1_ADC16384;configurations;toma con tabla personalizada de configuraciones;CONFIG 01 - B1F_AVG1_ADC16384;218;21.739931;16667;44555;32.12;2321;-0.96452;-1.53410;0;0;0;;;;
BLOQUE_4CFG_7332_20260608_135546_CFG001_CONFIG_01_-_B1F_AVG1_ADC16384;7332;BLOQUE_4CFG_7332_20260608_135546_CFG001_CONFIG_01_-_B1F_AVG1_ADC16384;configurations;toma con tabla personalizada de configuraciones;CONFIG 01 - B1F_AVG1_ADC16384;219;21.860886;16677;44571;32.69;2342;-0.34399;-1.18961;0;0;1;;;;
BLOQUE_4CFG_7332_20260608_135546_CFG001_CONFIG_01_-_B1F_AVG1_ADC16384;7332;BLOQUE_4CFG_7332_20260608_135546_CFG001_CONFIG_01_-_B1F_AVG1_ADC16384;configurations;toma con tabla personalizada de configuraciones;CONFIG 01 - B1F_AVG1_ADC16384;220;21.940879;16676;44612;32.39;2331;-1.26130;-0.02576;0;0;0;;;;
BLOQUE_4CFG_7332_20260608_135546_CFG001_CONFIG_01_-_B1F_AVG1_ADC16384;7332;BLOQUE_4CFG_7332_20260608_135546_CFG001_CONFIG_01_-_B1F_AVG1_ADC16384;configurations;toma con tabla personalizada de configuraciones;CONFIG 01 - B1F_AVG1_ADC16384;221;22.061339;16682;44621;32.45;2333;-1.18036;0.12556;0;0;0;;;;
BLOQUE_4CFG_7332_20260608_135546_CFG001_CONFIG_01_-_B1F_AVG1_ADC16384;7332;BLOQUE_4CFG_7332_20260608_135546_CFG001_CONFIG_01_-_B1F_AVG1_ADC16384;configurations;toma con tabla personalizada de configuraciones;CONFIG 01 - B1F_AVG1_ADC16384;222;22.141076;16695;44655;32.31;2328;-0.14839;1.03991;0;0;0;;;;
BLOQUE_4CFG_7332_20260608_135546_CFG001_CONFIG_01_-_B1F_AVG1_ADC16384;7332;BLOQUE_4CFG_7332_20260608_135546_CFG001_CONFIG_01_-_B1F_AVG1_ADC16384;configurations;toma con tabla personalizada de configuraciones;CONFIG 01 - B1F_AVG1_ADC16384;223;22.261882;16694;44665;32.53;2336;-1.09942;1.17674;0;0;0;;;;
BLOQUE_4CFG_7332_20260608_135546_CFG001_CONFIG_01_-_B1F_AVG1_ADC16384;7332;BLOQUE_4CFG_7332_20260608_135546_CFG001_CONFIG_01_-_B1F_AVG1_ADC16384;configurations;toma con tabla personalizada de configuraciones;CONFIG 01 - B1F_AVG1_ADC16384;224;22.341979;16704;44668;31.88;2312;-0.53285;1.10591;0;0;0;;;;
BLOQUE_4CFG_7332_20260608_135546_CFG001_CONFIG_01_-_B1F_AVG1_ADC16384;7332;BLOQUE_4CFG_7332_20260608_135546_CFG001_CONFIG_01_-_B1F_AVG1_ADC16384;configurations;toma con tabla personalizada de configuraciones;CONFIG 01 - B1F_AVG1_ADC16384;225;22.462432;16704;44648;32.12;2321;-1.26130;0.18673;0;0;0;;;;
BLOQUE_4CFG_7332_20260608_135546_CFG001_CONFIG_01_-_B1F_AVG1_ADC16384;7332;BLOQUE_4CFG_7332_20260608_135546_CFG001_CONFIG_01_-_B1F_AVG1_ADC16384;configurations;toma con tabla personalizada de configuraciones;CONFIG 01 - B1F_AVG1_ADC16384;226;22.542364;16710;44612;33.70;2379;-1.17361;-1.16064;0;0;0;;;;
BLOQUE_4CFG_7332_20260608_135546_CFG001_CONFIG_01_-_B1F_AVG1_ADC16384;7332;BLOQUE_4CFG_7332_20260608_135546_CFG001_CONFIG_01_-_B1F_AVG1_ADC16384;configurations;toma con tabla personalizada de configuraciones;CONFIG 01 - B1F_AVG1_ADC16384;227;22.663114;16728;44658;32.85;2348;0.59355;0.13200;0;0;1;;;;
BLOQUE_4CFG_7332_20260608_135546_CFG001_CONFIG_01_-_B1F_AVG1_ADC16384;7332;BLOQUE_4CFG_7332_20260608_135546_CFG001_CONFIG_01_-_B1F_AVG1_ADC16384;configurations;toma con tabla personalizada de configuraciones;CONFIG 01 - B1F_AVG1_ADC16384;228;22.743358;16736;44674;31.80;2309;0.99150;0.44751;0;0;0;;;;
BLOQUE_4CFG_7332_20260608_135546_CFG001_CONFIG_01_-_B1F_AVG1_ADC16384;7332;BLOQUE_4CFG_7332_20260608_135546_CFG001_CONFIG_01_-_B1F_AVG1_ADC16384;configurations;toma con tabla personalizada de configuraciones;CONFIG 01 - B1F_AVG1_ADC16384;229;22.863633;16744;44672;31.83;2310;1.31526;0.17224;0;0;0;;;;
BLOQUE_4CFG_7332_20260608_135546_CFG001_CONFIG_01_-_B1F_AVG1_ADC16384;7332;BLOQUE_4CFG_7332_20260608_135546_CFG001_CONFIG_01_-_B1F_AVG1_ADC16384;configurations;toma con tabla personalizada de configuraciones;CONFIG 01 - B1F_AVG1_ADC16384;230;22.944057;16750;44702;32.07;2319;1.40294;0.93527;0;0;0;;;;
BLOQUE_4CFG_7332_20260608_135546_CFG001_CONFIG_01_-_B1F_AVG1_ADC16384;7332;BLOQUE_4CFG_7332_20260608_135546_CFG001_CONFIG_01_-_B1F_AVG1_ADC16384;configurations;toma con tabla personalizada de configuraciones;CONFIG 01 - B1F_AVG1_ADC16384;231;23.064240;16753;44656;32.15;2322;0.96452;-0.85156;0;0;0;;;;
BLOQUE_4CFG_7332_20260608_135546_CFG001_CONFIG_01_-_B1F_AVG1_ADC16384;7332;BLOQUE_4CFG_7332_20260608_135546_CFG001_CONFIG_01_-_B1F_AVG1_ADC16384;configurations;toma con tabla personalizada de configuraciones;CONFIG 01 - B1F_AVG1_ADC16384;232;23.144786;16755;44655;32.12;2321;0.38446;-1.15420;0;0;0;;;;
BLOQUE_4CFG_7332_20260608_135546_CFG001_CONFIG_01_-_B1F_AVG1_ADC16384;7332;BLOQUE_4CFG_7332_20260608_135546_CFG001_CONFIG_01_-_B1F_AVG1_ADC16384;configurations;toma con tabla personalizada de configuraciones;CONFIG 01 - B1F_AVG1_ADC16384;233;23.264696;16756;44678;32.39;2331;-0.26305;-0.59239;0;0;1;;;;
BLOQUE_4CFG_7332_20260608_135546_CFG001_CONFIG_01_-_B1F_AVG1_ADC16384;7332;BLOQUE_4CFG_7332_20260608_135546_CFG001_CONFIG_01_-_B1F_AVG1_ADC16384;configurations;toma con tabla personalizada de configuraciones;CONFIG 01 - B1F_AVG1_ADC16384;234;23.344881;16769;44691;32.74;2344;0.70822;-0.35254;0;0;0;;;;
BLOQUE_4CFG_7332_20260608_135546_CFG001_CONFIG_01_-_B1F_AVG1_ADC16384;7332;BLOQUE_4CFG_7332_20260608_135546_CFG001_CONFIG_01_-_B1F_AVG1_ADC16384;configurations;toma con tabla personalizada de configuraciones;CONFIG 01 - B1F_AVG1_ADC16384;235;23.465295;16767;44730;32.47;2334;-0.35748;0.83869;0;0;0;;;;
BLOQUE_4CFG_7332_20260608_135546_CFG001_CONFIG_01_-_B1F_AVG1_ADC16384;7332;BLOQUE_4CFG_7332_20260608_135546_CFG001_CONFIG_01_-_B1F_AVG1_ADC16384;configurations;toma con tabla personalizada de configuraciones;CONFIG 01 - B1F_AVG1_ADC16384;236;23.545675;16775;44708;32.36;2330;0.00674;-0.04668;0;0;0;;;;
BLOQUE_4CFG_7332_20260608_135546_CFG001_CONFIG_01_-_B1F_AVG1_ADC16384;7332;BLOQUE_4CFG_7332_20260608_135546_CFG001_CONFIG_01_-_B1F_AVG1_ADC16384;configurations;toma con tabla personalizada de configuraciones;CONFIG 01 - B1F_AVG1_ADC16384;237;23.665899;16782;44737;32.53;2336;0.19560;0.67771;0;0;0;;;;
BLOQUE_4CFG_7332_20260608_135546_CFG001_CONFIG_01_-_B1F_AVG1_ADC16384;7332;BLOQUE_4CFG_7332_20260608_135546_CFG001_CONFIG_01_-_B1F_AVG1_ADC16384;configurations;toma con tabla personalizada de configuraciones;CONFIG 01 - B1F_AVG1_ADC16384;238;23.746463;16782;44697;31.88;2312;-0.50587;-0.85961;0;0;0;;;;
BLOQUE_4CFG_7332_20260608_135546_CFG001_CONFIG_01_-_B1F_AVG1_ADC16384;7332;BLOQUE_4CFG_7332_20260608_135546_CFG001_CONFIG_01_-_B1F_AVG1_ADC16384;configurations;toma con tabla personalizada de configuraciones;CONFIG 01 - B1F_AVG1_ADC16384;239;23.866497;16787;44684;32.28;2327;-0.48563;-1.46649;0;0;1;;;;
BLOQUE_4CFG_7332_20260608_135546_CFG001_CONFIG_01_-_B1F_AVG1_ADC16384;7332;BLOQUE_4CFG_7332_20260608_135546_CFG001_CONFIG_01_-_B1F_AVG1_ADC16384;configurations;toma con tabla personalizada de configuraciones;CONFIG 01 - B1F_AVG1_ADC16384;240;23.946895;16790;44727;32.42;2332;-0.69473;-0.18351;0;0;0;;;;
BLOQUE_4CFG_7332_20260608_135546_CFG001_CONFIG_01_-_B1F_AVG1_ADC16384;7332;BLOQUE_4CFG_7332_20260608_135546_CFG001_CONFIG_01_-_B1F_AVG1_ADC16384;configurations;toma con tabla personalizada de configuraciones;CONFIG 01 - B1F_AVG1_ADC16384;241;24.066895;16804;44756;32.47;2334;0.69473;0.67449;0;0;0;;;;
BLOQUE_4CFG_7332_20260608_135546_CFG001_CONFIG_01_-_B1F_AVG1_ADC16384;7332;BLOQUE_4CFG_7332_20260608_135546_CFG001_CONFIG_01_-_B1F_AVG1_ADC16384;configurations;toma con tabla personalizada de configuraciones;CONFIG 01 - B1F_AVG1_ADC16384;242;24.147121;16810;44788;32.61;2339;0.97127;1.55986;0;0;0;;;;
BLOQUE_4CFG_7332_20260608_135546_CFG001_CONFIG_01_-_B1F_AVG1_ADC16384;7332;BLOQUE_4CFG_7332_20260608_135546_CFG001_CONFIG_01_-_B1F_AVG1_ADC16384;configurations;toma con tabla personalizada de configuraciones;CONFIG 01 - B1F_AVG1_ADC16384;243;24.267471;16812;44789;32.39;2331;0.69473;1.39566;0;0;0;;;;
BLOQUE_4CFG_7332_20260608_135546_CFG001_CONFIG_01_-_B1F_AVG1_ADC16384;7332;BLOQUE_4CFG_7332_20260608_135546_CFG001_CONFIG_01_-_B1F_AVG1_ADC16384;configurations;toma con tabla personalizada de configuraciones;CONFIG 01 - B1F_AVG1_ADC16384;244;24.348144;16823;44789;32.18;2323;1.69972;1.23469;0;0;0;;;;
BLOQUE_4CFG_7332_20260608_135546_CFG001_CONFIG_01_-_B1F_AVG1_ADC16384;7332;BLOQUE_4CFG_7332_20260608_135546_CFG001_CONFIG_01_-_B1F_AVG1_ADC16384;configurations;toma con tabla personalizada de configuraciones;CONFIG 01 - B1F_AVG1_ADC16384;245;24.468120;16820;44747;32.34;2329;0.80939;-0.32517;0;0;0;;;;
BLOQUE_4CFG_7332_20260608_135546_CFG001_CONFIG_01_-_B1F_AVG1_ADC16384;7332;BLOQUE_4CFG_7332_20260608_135546_CFG001_CONFIG_01_-_B1F_AVG1_ADC16384;configurations;toma con tabla personalizada de configuraciones;CONFIG 01 - B1F_AVG1_ADC16384;246;24.548754;16818;44736;31.58;2301;0.04721;-0.77430;0;0;0;;;;
BLOQUE_4CFG_7332_20260608_135546_CFG001_CONFIG_01_-_B1F_AVG1_ADC16384;7332;BLOQUE_4CFG_7332_20260608_135546_CFG001_CONFIG_01_-_B1F_AVG1_ADC16384;configurations;toma con tabla personalizada de configuraciones;CONFIG 01 - B1F_AVG1_ADC16384;247;24.668751;16829;44771;32.31;2328;1.18036;0.29620;0;0;1;;;;
BLOQUE_4CFG_7332_20260608_135546_CFG001_CONFIG_01_-_B1F_AVG1_ADC16384;7332;BLOQUE_4CFG_7332_20260608_135546_CFG001_CONFIG_01_-_B1F_AVG1_ADC16384;configurations;toma con tabla personalizada de configuraciones;CONFIG 01 - B1F_AVG1_ADC16384;248;24.749496;16832;44773;32.18;2323;1.22757;0.29781;0;0;0;;;;
BLOQUE_4CFG_7332_20260608_135546_CFG001_CONFIG_01_-_B1F_AVG1_ADC16384;7332;BLOQUE_4CFG_7332_20260608_135546_CFG001_CONFIG_01_-_B1F_AVG1_ADC16384;configurations;toma con tabla personalizada de configuraciones;CONFIG 01 - B1F_AVG1_ADC16384;249;24.869120;16838;44778;32.69;2342;1.69972;0.33644;0;0;0;;;;
