id;modo;condiciones_medida;config_label;tiempo_s;red_raw;ir_raw;temp_c;temp_raw;red_proc_norm;ir_proc_norm;artifact_red;artifact_ir;peak_ir;bpm_rolling_5s;spo2_rolling_5s;ratio_r_rolling_5s;quality_rolling_5s
SIN_CROTAL;scheduled;toma con tabla personalizada de configuraciones;CONFIG 05 - B3F_AVG1_ADC8192;0.000000;99774;90417;29.86;2236;2.55489;3.50000;1;1;0;;;;
SIN_CROTAL;scheduled;toma con tabla personalizada de configuraciones;CONFIG 05 - B3F_AVG1_ADC8192;0.020393;99709;90261;30.30;2253;1.88044;3.50000;1;1;0;;;;
SIN_CROTAL;scheduled;toma con tabla personalizada de configuraciones;CONFIG 05 - B3F_AVG1_ADC8192;0.050028;99567;90053;29.51;2223;0.98501;2.92237;1;1;0;;;;
SIN_CROTAL;scheduled;toma con tabla personalizada de configuraciones;CONFIG 05 - B3F_AVG1_ADC8192;0.069542;99497;89942;30.57;2263;-0.12202;1.78617;1;1;0;;;;
SIN_CROTAL;scheduled;toma con tabla personalizada de configuraciones;CONFIG 05 - B3F_AVG1_ADC8192;0.100187;99369;89659;30.60;2264;-0.95117;0.79996;1;1;0;;;;
SIN_CROTAL;scheduled;toma con tabla personalizada de configuraciones;CONFIG 05 - B3F_AVG1_ADC8192;0.120626;99307;89522;30.28;2252;-1.73863;-0.22033;1;1;0;;;;
SIN_CROTAL;scheduled;toma con tabla personalizada de configuraciones;CONFIG 05 - B3F_AVG1_ADC8192;0.150310;99247;89393;29.57;2225;-2.15796;-0.85236;1;1;0;;;;
SIN_CROTAL;scheduled;toma con tabla personalizada de configuraciones;CONFIG 05 - B3F_AVG1_ADC8192;0.170770;99225;89295;29.88;2237;-2.62725;-1.53493;0;0;0;;;;
SIN_CROTAL;scheduled;toma con tabla personalizada de configuraciones;CONFIG 05 - B3F_AVG1_ADC8192;0.200370;99148;89134;30.23;2250;-3.05627;-2.16801;0;0;0;;;;
SIN_CROTAL;scheduled;toma con tabla personalizada de configuraciones;CONFIG 05 - B3F_AVG1_ADC8192;0.220228;99102;89032;30.12;2246;-3.39318;-2.60618;0;0;0;;;;
SIN_CROTAL;scheduled;toma con tabla personalizada de configuraciones;CONFIG 05 - B3F_AVG1_ADC8192;0.250666;99111;89033;30.15;2247;-3.34687;-2.67819;0;0;0;;;;
SIN_CROTAL;scheduled;toma con tabla personalizada de configuraciones;CONFIG 05 - B3F_AVG1_ADC8192;0.270257;99150;89052;30.78;2271;-3.08456;-2.67198;0;0;0;;;;
SIN_CROTAL;scheduled;toma con tabla personalizada de configuraciones;CONFIG 05 - B3F_AVG1_ADC8192;0.300706;99169;88987;30.04;2243;-2.85183;-2.77095;0;0;0;;;;
SIN_CROTAL;scheduled;toma con tabla personalizada de configuraciones;CONFIG 05 - B3F_AVG1_ADC8192;0.321078;99168;88934;29.54;2224;-2.69699;-2.95200;0;0;0;;;;
SIN_CROTAL;scheduled;toma con tabla personalizada de configuraciones;CONFIG 05 - B3F_AVG1_ADC8192;0.350845;99182;88910;30.44;2258;-2.50574;-3.08358;0;0;0;;;;
SIN_CROTAL;scheduled;toma con tabla personalizada de configuraciones;CONFIG 05 - B3F_AVG1_ADC8192;0.370290;99210;88868;31.74;2307;-2.27710;-3.16052;0;0;0;;;;
SIN_CROTAL;scheduled;toma con tabla personalizada de configuraciones;CONFIG 05 - B3F_AVG1_ADC8192;0.401142;99220;88843;30.36;2255;-2.08124;-3.24622;0;0;0;;;;
SIN_CROTAL;scheduled;toma con tabla personalizada de configuraciones;CONFIG 05 - B3F_AVG1_ADC8192;0.420862;99225;88817;30.70;2268;-2.02047;-3.39849;0;0;0;;;;
SIN_CROTAL;scheduled;toma con tabla personalizada de configuraciones;CONFIG 05 - B3F_AVG1_ADC8192;0.451200;99215;88746;30.33;2254;-2.08742;-3.50000;0;0;0;;;;
SIN_CROTAL;scheduled;toma con tabla personalizada de configuraciones;CONFIG 05 - B3F_AVG1_ADC8192;0.470795;99189;88677;30.20;2249;-2.07811;-3.50000;0;0;0;;;;
SIN_CROTAL;scheduled;toma con tabla personalizada de configuraciones;CONFIG 05 - B3F_AVG1_ADC8192;0.501373;99217;88651;30.36;2255;-2.02715;-3.50000;0;0;0;;;;
SIN_CROTAL;scheduled;toma con tabla personalizada de configuraciones;CONFIG 05 - B3F_AVG1_ADC8192;0.520893;99219;88623;30.73;2269;-1.77551;-3.50000;0;0;0;;;;
SIN_CROTAL;scheduled;toma con tabla personalizada de configuraciones;CONFIG 05 - B3F_AVG1_ADC8192;0.551366;99251;88630;29.38;2218;-1.55947;-3.50000;0;0;0;;;;
SIN_CROTAL;scheduled;toma con tabla personalizada de configuraciones;CONFIG 05 - B3F_AVG1_ADC8192;0.570882;99268;88626;30.44;2258;-1.21758;-3.50000;0;0;0;;;;
SIN_CROTAL;scheduled;toma con tabla personalizada de configuraciones;CONFIG 05 - B3F_AVG1_ADC8192;0.601654;99306;88658;30.92;2276;-0.98996;-3.50000;0;0;0;;;;
SIN_CROTAL;scheduled;toma con tabla personalizada de configuraciones;CONFIG 05 - B3F_AVG1_ADC8192;0.621628;99304;88675;30.49;2260;-0.82721;-3.43784;0;0;0;;;;
SIN_CROTAL;scheduled;toma con tabla personalizada de configuraciones;CONFIG 05 - B3F_AVG1_ADC8192;0.651745;99302;88677;29.78;2233;-0.84468;-3.34070;0;0;0;;;;
SIN_CROTAL;scheduled;toma con tabla personalizada de configuraciones;CONFIG 05 - B3F_AVG1_ADC8192;0.671682;99288;88657;30.09;2245;-0.87877;-3.31620;0;0;0;;;;
SIN_CROTAL;scheduled;toma con tabla personalizada de configuraciones;CONFIG 05 - B3F_AVG1_ADC8192;0.701743;99283;88641;30.52;2261;-0.99363;-3.34557;0;0;0;;;;
SIN_CROTAL;scheduled;toma con tabla personalizada de configuraciones;CONFIG 05 - B3F_AVG1_ADC8192;0.722328;99259;88619;30.65;2266;-1.21584;-3.38878;0;0;0;;;;
SIN_CROTAL;scheduled;toma con tabla personalizada de configuraciones;CONFIG 05 - B3F_AVG1_ADC8192;0.751939;99215;88593;30.36;2255;-1.55736;-3.43535;0;0;0;;;;
SIN_CROTAL;scheduled;toma con tabla personalizada de configuraciones;CONFIG 05 - B3F_AVG1_ADC8192;0.772069;99175;88575;30.62;2265;-1.82131;-3.45453;0;0;0;;;;
SIN_CROTAL;scheduled;toma con tabla personalizada de configuraciones;CONFIG 05 - B3F_AVG1_ADC8192;0.802253;99173;88565;30.94;2277;-1.93474;-3.38247;0;0;0;;;;
SIN_CROTAL;scheduled;toma con tabla personalizada de configuraciones;CONFIG 05 - B3F_AVG1_ADC8192;0.822038;99172;88582;30.68;2267;-1.77102;-3.15716;0;0;0;;;;
SIN_CROTAL;scheduled;toma con tabla personalizada de configuraciones;CONFIG 05 - B3F_AVG1_ADC8192;0.852367;99212;88637;29.62;2227;-1.53025;-2.87922;0;0;0;;;;
SIN_CROTAL;scheduled;toma con tabla personalizada de configuraciones;CONFIG 05 - B3F_AVG1_ADC8192;0.872067;99232;88652;31.08;2282;-1.26025;-2.51419;0;0;0;;;;
SIN_CROTAL;scheduled;toma con tabla personalizada de configuraciones;CONFIG 05 - B3F_AVG1_ADC8192;0.902476;99239;88710;30.78;2271;-1.05018;-2.15374;0;0;0;;;;
SIN_CROTAL;scheduled;toma con tabla personalizada de configuraciones;CONFIG 05 - B3F_AVG1_ADC8192;0.922550;99261;88762;30.30;2253;-0.74990;-1.66122;0;0;0;;;;
SIN_CROTAL;scheduled;toma con tabla personalizada de configuraciones;CONFIG 05 - B3F_AVG1_ADC8192;0.952566;99307;88840;29.67;2229;-0.32900;-1.19320;0;0;0;;;;
SIN_CROTAL;scheduled;toma con tabla personalizada de configuraciones;CONFIG 05 - B3F_AVG1_ADC8192;0.972766;99349;88886;29.70;2230;0.10497;-0.68168;0;0;0;;;;
SIN_CROTAL;scheduled;toma con tabla personalizada de configuraciones;CONFIG 05 - B3F_AVG1_ADC8192;1.002789;99375;88959;29.72;2231;0.40872;-0.32407;0;0;0;;;;
SIN_CROTAL;scheduled;toma con tabla personalizada de configuraciones;CONFIG 05 - B3F_AVG1_ADC8192;1.023200;99383;88963;30.97;2278;0.43515;-0.11671;0;0;0;;;;
SIN_CROTAL;scheduled;toma con tabla personalizada de configuraciones;CONFIG 05 - B3F_AVG1_ADC8192;1.052740;99345;88939;31.00;2279;0.30899;-0.12647;0;0;0;;;;
SIN_CROTAL;scheduled;toma con tabla personalizada de configuraciones;CONFIG 05 - B3F_AVG1_ADC8192;1.072652;99329;88912;30.38;2256;-0.01345;-0.19435;0;0;0;;;;
SIN_CROTAL;scheduled;toma con tabla personalizada de configuraciones;CONFIG 05 - B3F_AVG1_ADC8192;1.102875;99283;88894;30.01;2242;-0.31614;-0.32343;0;0;0;;;;
SIN_CROTAL;scheduled;toma con tabla personalizada de configuraciones;CONFIG 05 - B3F_AVG1_ADC8192;1.122791;99255;88848;30.20;2249;-0.92432;-0.55026;0;0;0;;;;
SIN_CROTAL;scheduled;toma con tabla personalizada de configuraciones;CONFIG 05 - B3F_AVG1_ADC8192;1.153202;99153;88781;30.28;2252;-1.34539;-0.80607;0;0;0;;;;
SIN_CROTAL;scheduled;toma con tabla personalizada de configuraciones;CONFIG 05 - B3F_AVG1_ADC8192;1.173705;99165;88756;30.46;2259;-1.48445;-0.73220;0;1;0;;;;
SIN_CROTAL;scheduled;toma con tabla personalizada de configuraciones;CONFIG 05 - B3F_AVG1_ADC8192;1.203312;99221;88873;30.25;2251;-0.89002;-0.18128;1;1;0;;;;
SIN_CROTAL;scheduled;toma con tabla personalizada de configuraciones;CONFIG 05 - B3F_AVG1_ADC8192;1.223792;99335;89040;30.28;2252;0.21781;0.71064;1;1;0;;;;
SIN_CROTAL;scheduled;toma con tabla personalizada de configuraciones;CONFIG 05 - B3F_AVG1_ADC8192;1.253364;99498;89183;30.30;2253;1.33105;1.37211;1;1;0;;;;
SIN_CROTAL;scheduled;toma con tabla personalizada de configuraciones;CONFIG 05 - B3F_AVG1_ADC8192;1.273846;99556;89191;30.01;2242;1.84428;1.27158;1;1;1;;;;
SIN_CROTAL;scheduled;toma con tabla personalizada de configuraciones;CONFIG 05 - B3F_AVG1_ADC8192;1.303653;99493;88990;29.65;2228;1.44452;0.70340;1;1;0;;;;
SIN_CROTAL;scheduled;toma con tabla personalizada de configuraciones;CONFIG 05 - B3F_AVG1_ADC8192;1.324021;99387;88906;29.59;2226;0.80539;0.11825;0;1;0;;;;
SIN_CROTAL;scheduled;toma con tabla personalizada de configuraciones;CONFIG 05 - B3F_AVG1_ADC8192;1.353718;99373;88905;29.70;2230;0.34460;-0.00578;0;1;0;;;;
SIN_CROTAL;scheduled;toma con tabla personalizada de configuraciones;CONFIG 05 - B3F_AVG1_ADC8192;1.373394;99361;88926;29.96;2240;0.36558;0.29640;0;0;0;;;;
SIN_CROTAL;scheduled;toma con tabla personalizada de configuraciones;CONFIG 05 - B3F_AVG1_ADC8192;1.403850;99394;89046;30.94;2277;0.52773;0.68386;0;0;0;;;;
SIN_CROTAL;scheduled;toma con tabla personalizada de configuraciones;CONFIG 05 - B3F_AVG1_ADC8192;1.423571;99419;89084;29.38;2218;0.93874;1.21094;0;0;0;;;;
SIN_CROTAL;scheduled;toma con tabla personalizada de configuraciones;CONFIG 05 - B3F_AVG1_ADC8192;1.454027;99477;89170;30.30;2253;1.31460;1.51347;0;0;0;;;;
SIN_CROTAL;scheduled;toma con tabla personalizada de configuraciones;CONFIG 05 - B3F_AVG1_ADC8192;1.474194;99498;89181;30.76;2270;1.54197;1.71709;0;0;0;;;;
SIN_CROTAL;scheduled;toma con tabla personalizada de configuraciones;CONFIG 05 - B3F_AVG1_ADC8192;1.504195;99479;89172;30.36;2255;1.52061;1.74769;0;0;0;;;;
SIN_CROTAL;scheduled;toma con tabla personalizada de configuraciones;CONFIG 05 - B3F_AVG1_ADC8192;1.524083;99464;89176;29.38;2218;1.38417;1.72163;0;0;0;;;;
SIN_CROTAL;scheduled;toma con tabla personalizada de configuraciones;CONFIG 05 - B3F_AVG1_ADC8192;1.554257;99451;89161;29.99;2241;1.24490;1.66733;0;0;0;;;;
SIN_CROTAL;scheduled;toma con tabla personalizada de configuraciones;CONFIG 05 - B3F_AVG1_ADC8192;1.574877;99430;89139;30.20;2249;1.07052;1.50407;0;0;0;;;;
SIN_CROTAL;scheduled;toma con tabla personalizada de configuraciones;CONFIG 05 - B3F_AVG1_ADC8192;1.604451;99404;89091;29.65;2228;0.92715;1.36400;0;0;0;;;;
SIN_CROTAL;scheduled;toma con tabla personalizada de configuraciones;CONFIG 05 - B3F_AVG1_ADC8192;1.624204;99399;89087;29.75;2232;0.94665;1.31191;0;0;0;;;;
SIN_CROTAL;scheduled;toma con tabla personalizada de configuraciones;CONFIG 05 - B3F_AVG1_ADC8192;1.654517;99425;89107;31.02;2280;1.15245;1.53709;0;0;0;;;;
SIN_CROTAL;scheduled;toma con tabla personalizada de configuraciones;CONFIG 05 - B3F_AVG1_ADC8192;1.674456;99453;89192;30.28;2252;1.70331;1.87875;0;0;0;;;;
SIN_CROTAL;scheduled;toma con tabla personalizada de configuraciones;CONFIG 05 - B3F_AVG1_ADC8192;1.704718;99549;89244;30.81;2272;2.17852;2.21233;0;0;0;;;;
SIN_CROTAL;scheduled;toma con tabla personalizada de configuraciones;CONFIG 05 - B3F_AVG1_ADC8192;1.724250;99553;89261;30.60;2264;2.58364;2.33381;0;0;0;;;;
SIN_CROTAL;scheduled;toma con tabla personalizada de configuraciones;CONFIG 05 - B3F_AVG1_ADC8192;1.754909;99561;89245;29.57;2225;2.56778;2.27754;0;0;1;;;;
SIN_CROTAL;scheduled;toma con tabla personalizada de configuraciones;CONFIG 05 - B3F_AVG1_ADC8192;1.775008;99535;89213;29.83;2235;2.41693;2.08640;0;0;0;;;;
SIN_CROTAL;scheduled;toma con tabla personalizada de configuraciones;CONFIG 05 - B3F_AVG1_ADC8192;1.804940;99501;89166;30.41;2257;2.18017;1.94399;0;0;0;;;;
SIN_CROTAL;scheduled;toma con tabla personalizada de configuraciones;CONFIG 05 - B3F_AVG1_ADC8192;1.824790;99485;89174;30.36;2255;1.95289;1.83310;0;0;0;;;;
SIN_CROTAL;scheduled;toma con tabla personalizada de configuraciones;CONFIG 05 - B3F_AVG1_ADC8192;1.855090;99462;89157;29.80;2234;1.84098;1.78884;0;0;0;;;;
SIN_CROTAL;scheduled;toma con tabla personalizada de configuraciones;CONFIG 05 - B3F_AVG1_ADC8192;1.874980;99461;89141;30.46;2259;1.72247;1.65123;0;0;0;;;;
SIN_CROTAL;scheduled;toma con tabla personalizada de configuraciones;CONFIG 05 - B3F_AVG1_ADC8192;1.905200;99442;89103;29.96;2240;1.61496;1.52931;0;0;0;;;;
SIN_CROTAL;scheduled;toma con tabla personalizada de configuraciones;CONFIG 05 - B3F_AVG1_ADC8192;1.925844;99421;89092;29.67;2229;1.55825;1.46002;0;0;0;;;;
SIN_CROTAL;scheduled;toma con tabla personalizada de configuraciones;CONFIG 05 - B3F_AVG1_ADC8192;1.955328;99434;89100;30.54;2262;1.53896;1.44246;0;0;0;;;;
SIN_CROTAL;scheduled;toma con tabla personalizada de configuraciones;CONFIG 05 - B3F_AVG1_ADC8192;1.975013;99425;89085;30.76;2270;1.63370;1.48069;0;0;0;;;;
SIN_CROTAL;scheduled;toma con tabla personalizada de configuraciones;CONFIG 05 - B3F_AVG1_ADC8192;2.005627;99436;89099;30.15;2247;1.68547;1.51175;0;0;0;;;;
SIN_CROTAL;scheduled;toma con tabla personalizada de configuraciones;CONFIG 05 - B3F_AVG1_ADC8192;2.024982;99435;89101;30.04;2243;1.77999;1.59930;0;0;0;;;;
SIN_CROTAL;scheduled;toma con tabla personalizada de configuraciones;CONFIG 05 - B3F_AVG1_ADC8192;2.055568;99437;89111;30.52;2261;1.83248;1.62176;0;0;0;;;;
SIN_CROTAL;scheduled;toma con tabla personalizada de configuraciones;CONFIG 05 - B3F_AVG1_ADC8192;2.075502;99435;89092;30.49;2260;1.85578;1.67462;0;0;0;;;;
SIN_CROTAL;scheduled;toma con tabla personalizada de configuraciones;CONFIG 05 - B3F_AVG1_ADC8192;2.105855;99425;89108;29.57;2225;1.92205;1.71377;0;0;0;;;;
SIN_CROTAL;scheduled;toma con tabla personalizada de configuraciones;CONFIG 05 - B3F_AVG1_ADC8192;2.125799;99440;89111;30.62;2265;1.96684;1.82930;0;0;0;;;;
SIN_CROTAL;scheduled;toma con tabla personalizada de configuraciones;CONFIG 05 - B3F_AVG1_ADC8192;2.156081;99432;89128;30.25;2251;2.09977;1.89811;0;0;0;;;;
SIN_CROTAL;scheduled;toma con tabla personalizada de configuraciones;CONFIG 05 - B3F_AVG1_ADC8192;2.175543;99449;89121;30.49;2260;2.12193;1.93672;0;0;0;;;;
SIN_CROTAL;scheduled;toma con tabla personalizada de configuraciones;CONFIG 05 - B3F_AVG1_ADC8192;2.206143;99432;89109;29.80;2234;2.15196;1.94940;0;0;0;;;;
SIN_CROTAL;scheduled;toma con tabla personalizada de configuraciones;CONFIG 05 - B3F_AVG1_ADC8192;2.226599;99426;89112;30.60;2264;2.02922;1.92987;0;0;1;;;;
SIN_CROTAL;scheduled;toma con tabla personalizada de configuraciones;CONFIG 05 - B3F_AVG1_ADC8192;2.256172;99396;89086;29.65;2228;1.82719;1.75475;0;0;0;;;;
SIN_CROTAL;scheduled;toma con tabla personalizada de configuraciones;CONFIG 05 - B3F_AVG1_ADC8192;2.276795;99352;88994;30.25;2251;1.40591;1.39214;0;0;0;;;;
SIN_CROTAL;scheduled;toma con tabla personalizada de configuraciones;CONFIG 05 - B3F_AVG1_ADC8192;2.306451;99278;88903;30.30;2253;1.03580;1.01210;0;0;0;;;;
SIN_CROTAL;scheduled;toma con tabla personalizada de configuraciones;CONFIG 05 - B3F_AVG1_ADC8192;2.326964;99261;88869;30.33;2254;0.73083;0.72992;0;0;0;;;;
SIN_CROTAL;scheduled;toma con tabla personalizada de configuraciones;CONFIG 05 - B3F_AVG1_ADC8192;2.356449;99237;88827;29.94;2239;0.62860;0.53765;0;0;0;;;;
SIN_CROTAL;scheduled;toma con tabla personalizada de configuraciones;CONFIG 05 - B3F_AVG1_ADC8192;2.376326;99224;88782;30.46;2259;0.39498;0.18883;0;0;0;;;;
SIN_CROTAL;scheduled;toma con tabla personalizada de configuraciones;CONFIG 05 - B3F_AVG1_ADC8192;2.406598;99170;88673;30.17;2248;0.03929;-0.27617;0;0;0;;;;
SIN_CROTAL;scheduled;toma con tabla personalizada de configuraciones;CONFIG 05 - B3F_AVG1_ADC8192;2.426369;99110;88573;30.89;2275;-0.46577;-0.76211;0;0;0;;;;
SIN_CROTAL;scheduled;toma con tabla personalizada de configuraciones;CONFIG 05 - B3F_AVG1_ADC8192;2.456788;99053;88516;30.68;2267;-0.84565;-1.11515;0;0;0;;;;
SIN_CROTAL;scheduled;toma con tabla personalizada de configuraciones;CONFIG 05 - B3F_AVG1_ADC8192;2.477033;99034;88468;30.54;2262;-1.04257;-1.28793;0;0;0;;;;
SIN_CROTAL;scheduled;toma con tabla personalizada de configuraciones;CONFIG 05 - B3F_AVG1_ADC8192;2.507001;99026;88453;30.28;2252;-1.08431;-1.35068;0;0;0;;99.77;0.40141;0.0
SIN_CROTAL;scheduled;toma con tabla personalizada de configuraciones;CONFIG 05 - B3F_AVG1_ADC8192;2.526393;99013;88447;30.44;2258;-1.08723;-1.31430;0;0;0;;;;
SIN_CROTAL;scheduled;toma con tabla personalizada de configuraciones;CONFIG 05 - B3F_AVG1_ADC8192;2.557145;99005;88446;30.60;2264;-1.10482;-1.23194;0;0;0;;;;
SIN_CROTAL;scheduled;toma con tabla personalizada de configuraciones;CONFIG 05 - B3F_AVG1_ADC8192;2.577311;98993;88453;30.23;2250;-1.04566;-1.13579;0;0;0;;;;
SIN_CROTAL;scheduled;toma con tabla personalizada de configuraciones;CONFIG 05 - B3F_AVG1_ADC8192;2.607355;99003;88454;29.36;2217;-0.94766;-1.00858;0;0;0;;;;
SIN_CROTAL;scheduled;toma con tabla personalizada de configuraciones;CONFIG 05 - B3F_AVG1_ADC8192;2.627656;99007;88469;30.28;2252;-0.82848;-0.88981;0;0;0;;;;
SIN_CROTAL;scheduled;toma con tabla personalizada de configuraciones;CONFIG 05 - B3F_AVG1_ADC8192;2.657457;99002;88473;29.96;2240;-0.73011;-0.76371;0;0;0;;;;
SIN_CROTAL;scheduled;toma con tabla personalizada de configuraciones;CONFIG 05 - B3F_AVG1_ADC8192;2.677334;99006;88478;30.12;2246;-0.62581;-0.68894;0;0;0;;;;
SIN_CROTAL;scheduled;toma con tabla personalizada de configuraciones;CONFIG 05 - B3F_AVG1_ADC8192;2.707607;99011;88467;29.51;2223;-0.57544;-0.52643;0;0;0;;;;
SIN_CROTAL;scheduled;toma con tabla personalizada de configuraciones;CONFIG 05 - B3F_AVG1_ADC8192;2.727539;98988;88511;30.44;2258;-0.49170;-0.39334;0;0;0;;;;
SIN_CROTAL;scheduled;toma con tabla personalizada de configuraciones;CONFIG 05 - B3F_AVG1_ADC8192;2.757720;99000;88500;30.41;2257;-0.38580;-0.18852;0;0;0;;;;
SIN_CROTAL;scheduled;toma con tabla personalizada de configuraciones;CONFIG 05 - B3F_AVG1_ADC8192;2.777425;99010;88523;30.17;2248;-0.25757;-0.09571;0;0;0;;;;
SIN_CROTAL;scheduled;toma con tabla personalizada de configuraciones;CONFIG 05 - B3F_AVG1_ADC8192;2.807836;98994;88514;30.30;2253;-0.14934;-0.02924;0;0;0;;;;
SIN_CROTAL;scheduled;toma con tabla personalizada de configuraciones;CONFIG 05 - B3F_AVG1_ADC8192;2.828089;99001;88492;30.28;2252;-0.13153;0.00103;0;0;0;;;;
SIN_CROTAL;scheduled;toma con tabla personalizada de configuraciones;CONFIG 05 - B3F_AVG1_ADC8192;2.857949;98986;88499;30.30;2253;-0.09698;0.03366;0;0;0;;;;
SIN_CROTAL;scheduled;toma con tabla personalizada de configuraciones;CONFIG 05 - B3F_AVG1_ADC8192;2.877809;98976;88492;29.59;2226;-0.09943;0.10380;0;0;0;;;;
SIN_CROTAL;scheduled;toma con tabla personalizada de configuraciones;CONFIG 05 - B3F_AVG1_ADC8192;2.908034;98973;88489;30.49;2260;-0.11516;0.18356;0;0;0;;;;
SIN_CROTAL;scheduled;toma con tabla personalizada de configuraciones;CONFIG 05 - B3F_AVG1_ADC8192;2.927893;98955;88502;29.65;2228;-0.08839;0.29319;0;0;0;;;;
SIN_CROTAL;scheduled;toma con tabla personalizada de configuraciones;CONFIG 05 - B3F_AVG1_ADC8192;2.958292;98958;88511;30.70;2268;-0.00089;0.43727;0;0;0;;;;
SIN_CROTAL;scheduled;toma con tabla personalizada de configuraciones;CONFIG 05 - B3F_AVG1_ADC8192;2.978117;98973;88525;29.70;2230;0.10785;0.56502;0;0;0;;;;
SIN_CROTAL;scheduled;toma con tabla personalizada de configuraciones;CONFIG 05 - B3F_AVG1_ADC8192;3.008459;98961;88530;30.78;2271;0.18444;0.61588;0;0;0;;99.73;0.40851;0.0
SIN_CROTAL;scheduled;toma con tabla personalizada de configuraciones;CONFIG 05 - B3F_AVG1_ADC8192;3.028904;98954;88501;30.52;2261;0.12620;0.58086;0;0;0;;;;
SIN_CROTAL;scheduled;toma con tabla personalizada de configuraciones;CONFIG 05 - B3F_AVG1_ADC8192;3.058526;98929;88473;30.54;2262;0.00457;0.47909;0;0;0;;;;
SIN_CROTAL;scheduled;toma con tabla personalizada de configuraciones;CONFIG 05 - B3F_AVG1_ADC8192;3.078327;98898;88445;30.12;2246;-0.19125;0.35247;0;0;0;;;;
SIN_CROTAL;scheduled;toma con tabla personalizada de configuraciones;CONFIG 05 - B3F_AVG1_ADC8192;3.108743;98869;88404;29.51;2223;-0.31128;0.21650;0;0;0;;;;
SIN_CROTAL;scheduled;toma con tabla personalizada de configuraciones;CONFIG 05 - B3F_AVG1_ADC8192;3.128267;98866;88371;30.38;2256;-0.44704;-0.01861;0;0;0;;;;
SIN_CROTAL;scheduled;toma con tabla personalizada de configuraciones;CONFIG 05 - B3F_AVG1_ADC8192;3.158926;98830;88295;30.41;2257;-0.59917;-0.30143;0;0;0;;;;
SIN_CROTAL;scheduled;toma con tabla personalizada de configuraciones;CONFIG 05 - B3F_AVG1_ADC8192;3.178550;98796;88230;30.41;2257;-0.81122;-0.58928;0;0;0;;;;
SIN_CROTAL;scheduled;toma con tabla personalizada de configuraciones;CONFIG 05 - B3F_AVG1_ADC8192;3.209045;98775;88194;30.33;2254;-0.91011;-0.71369;0;0;0;;;;
SIN_CROTAL;scheduled;toma con tabla personalizada de configuraciones;CONFIG 05 - B3F_AVG1_ADC8192;3.229554;98772;88196;30.49;2260;-0.85474;-0.68348;0;0;0;;;;
SIN_CROTAL;scheduled;toma con tabla personalizada de configuraciones;CONFIG 05 - B3F_AVG1_ADC8192;3.259228;98783;88205;30.28;2252;-0.68418;-0.58551;0;0;0;;;;
SIN_CROTAL;scheduled;toma con tabla personalizada de configuraciones;CONFIG 05 - B3F_AVG1_ADC8192;3.279494;98796;88201;30.25;2251;-0.54867;-0.48695;0;0;0;;;;
SIN_CROTAL;scheduled;toma con tabla personalizada de configuraciones;CONFIG 05 - B3F_AVG1_ADC8192;3.309341;98783;88203;30.41;2257;-0.44928;-0.44217;0;0;0;;;;
SIN_CROTAL;scheduled;toma con tabla personalizada de configuraciones;CONFIG 05 - B3F_AVG1_ADC8192;3.329221;98784;88186;30.28;2252;-0.45812;-0.43647;0;0;0;;;;
SIN_CROTAL;scheduled;toma con tabla personalizada de configuraciones;CONFIG 05 - B3F_AVG1_ADC8192;3.359323;98765;88162;30.33;2254;-0.48130;-0.47393;0;0;0;;;;
SIN_CROTAL;scheduled;toma con tabla personalizada de configuraciones;CONFIG 05 - B3F_AVG1_ADC8192;3.379129;98747;88141;30.07;2244;-0.44983;-0.46258;0;0;0;;;;
SIN_CROTAL;scheduled;toma con tabla personalizada de configuraciones;CONFIG 05 - B3F_AVG1_ADC8192;3.409612;98762;88145;30.44;2258;-0.42044;-0.43460;0;0;0;;;;
SIN_CROTAL;scheduled;toma con tabla personalizada de configuraciones;CONFIG 05 - B3F_AVG1_ADC8192;3.429324;98742;88129;30.01;2242;-0.26577;-0.29424;0;0;0;;;;
SIN_CROTAL;scheduled;toma con tabla personalizada de configuraciones;CONFIG 05 - B3F_AVG1_ADC8192;3.459571;98761;88164;30.36;2255;-0.19637;-0.19039;0;0;0;;;;
SIN_CROTAL;scheduled;toma con tabla personalizada de configuraciones;CONFIG 05 - B3F_AVG1_ADC8192;3.479406;98753;88153;30.49;2260;-0.13453;-0.10857;0;0;0;;;;
SIN_CROTAL;scheduled;toma con tabla personalizada de configuraciones;CONFIG 05 - B3F_AVG1_ADC8192;3.509928;98732;88128;30.28;2252;-0.19527;-0.16549;0;0;0;;96.80;0.60155;0.0
SIN_CROTAL;scheduled;toma con tabla personalizada de configuraciones;CONFIG 05 - B3F_AVG1_ADC8192;3.529700;98716;88097;30.04;2243;-0.24001;-0.18333;0;0;0;;;;
SIN_CROTAL;scheduled;toma con tabla personalizada de configuraciones;CONFIG 05 - B3F_AVG1_ADC8192;3.559952;98713;88105;31.02;2280;-0.23046;-0.16069;0;0;0;;;;
SIN_CROTAL;scheduled;toma con tabla personalizada de configuraciones;CONFIG 05 - B3F_AVG1_ADC8192;3.579844;98708;88099;30.28;2252;-0.14156;-0.08079;0;0;0;;;;
SIN_CROTAL;scheduled;toma con tabla personalizada de configuraciones;CONFIG 05 - B3F_AVG1_ADC8192;3.610162;98715;88094;30.49;2260;-0.06610;0.01112;0;0;0;;;;
SIN_CROTAL;scheduled;toma con tabla personalizada de configuraciones;CONFIG 05 - B3F_AVG1_ADC8192;3.629554;98707;88106;30.92;2276;0.08154;0.12996;0;0;0;;;;
SIN_CROTAL;scheduled;toma con tabla personalizada de configuraciones;CONFIG 05 - B3F_AVG1_ADC8192;3.660159;98722;88111;30.33;2254;0.18685;0.23938;0;0;0;;;;
SIN_CROTAL;scheduled;toma con tabla personalizada de configuraciones;CONFIG 05 - B3F_AVG1_ADC8192;3.680791;98716;88100;30.23;2250;0.25685;0.32983;0;0;0;;;;
SIN_CROTAL;scheduled;toma con tabla personalizada de configuraciones;CONFIG 05 - B3F_AVG1_ADC8192;3.710421;98697;88101;30.60;2264;0.25097;0.39039;0;0;0;;;;
SIN_CROTAL;scheduled;toma con tabla personalizada de configuraciones;CONFIG 05 - B3F_AVG1_ADC8192;3.730328;98689;88090;29.99;2241;0.31919;0.50818;0;0;0;;;;
SIN_CROTAL;scheduled;toma con tabla personalizada de configuraciones;CONFIG 05 - B3F_AVG1_ADC8192;3.760617;98703;88104;29.67;2229;0.39870;0.64928;0;0;0;;;;
SIN_CROTAL;scheduled;toma con tabla personalizada de configuraciones;CONFIG 05 - B3F_AVG1_ADC8192;3.780163;98686;88114;30.70;2268;0.60636;0.84897;0;0;0;;;;
SIN_CROTAL;scheduled;toma con tabla personalizada de configuraciones;CONFIG 05 - B3F_AVG1_ADC8192;3.810647;98714;88129;30.52;2261;0.78445;1.05215;0;0;0;;;;
SIN_CROTAL;scheduled;toma con tabla personalizada de configuraciones;CONFIG 05 - B3F_AVG1_ADC8192;3.830984;98719;88144;30.94;2277;1.03352;1.26074;0;0;0;;;;
SIN_CROTAL;scheduled;toma con tabla personalizada de configuraciones;CONFIG 05 - B3F_AVG1_ADC8192;3.860898;98723;88157;29.41;2219;1.20950;1.40698;0;0;0;;;;
SIN_CROTAL;scheduled;toma con tabla personalizada de configuraciones;CONFIG 05 - B3F_AVG1_ADC8192;3.881130;98731;88143;30.54;2262;1.40819;1.63185;0;0;0;;;;
SIN_CROTAL;scheduled;toma con tabla personalizada de configuraciones;CONFIG 05 - B3F_AVG1_ADC8192;3.910931;98744;88197;30.94;2277;1.61243;1.82861;0;0;0;;;;
SIN_CROTAL;scheduled;toma con tabla personalizada de configuraciones;CONFIG 05 - B3F_AVG1_ADC8192;3.931221;98751;88197;29.70;2230;1.74176;2.08350;0;0;0;;;;
SIN_CROTAL;scheduled;toma con tabla personalizada de configuraciones;CONFIG 05 - B3F_AVG1_ADC8192;3.961165;98738;88211;30.84;2273;1.82888;2.18573;0;0;0;;;;
SIN_CROTAL;scheduled;toma con tabla personalizada de configuraciones;CONFIG 05 - B3F_AVG1_ADC8192;3.981650;98739;88191;29.94;2239;1.81975;2.23795;0;0;0;;;;
SIN_CROTAL;scheduled;toma con tabla personalizada de configuraciones;CONFIG 05 - B3F_AVG1_ADC8192;4.011361;98718;88167;30.41;2257;1.80274;2.19438;0;0;0;;97.51;0.56969;0.0
SIN_CROTAL;scheduled;toma con tabla personalizada de configuraciones;CONFIG 05 - B3F_AVG1_ADC8192;4.031470;98703;88135;30.36;2255;1.73000;2.19079;0;0;0;;;;
SIN_CROTAL;scheduled;toma con tabla personalizada de configuraciones;CONFIG 05 - B3F_AVG1_ADC8192;4.061445;98688;88135;30.70;2268;1.73524;2.20552;0;0;0;;;;
SIN_CROTAL;scheduled;toma con tabla personalizada de configuraciones;CONFIG 05 - B3F_AVG1_ADC8192;4.081448;98690;88120;30.84;2273;1.73753;2.29376;0;0;0;;;;
SIN_CROTAL;scheduled;toma con tabla personalizada de configuraciones;CONFIG 05 - B3F_AVG1_ADC8192;4.111472;98674;88124;30.01;2242;1.76938;2.33273;0;0;0;;;;
SIN_CROTAL;scheduled;toma con tabla personalizada de configuraciones;CONFIG 05 - B3F_AVG1_ADC8192;4.131569;98668;88101;30.41;2257;1.76502;2.38562;0;0;0;;;;
SIN_CROTAL;scheduled;toma con tabla personalizada de configuraciones;CONFIG 05 - B3F_AVG1_ADC8192;4.161616;98660;88094;30.33;2254;1.78824;2.38485;0;0;0;;;;
SIN_CROTAL;scheduled;toma con tabla personalizada de configuraciones;CONFIG 05 - B3F_AVG1_ADC8192;4.181391;98653;88074;30.46;2259;1.82228;2.41353;0;0;0;;;;
SIN_CROTAL;scheduled;toma con tabla personalizada de configuraciones;CONFIG 05 - B3F_AVG1_ADC8192;4.211844;98651;88067;29.28;2214;1.87316;2.40493;0;0;1;;;;
SIN_CROTAL;scheduled;toma con tabla personalizada de configuraciones;CONFIG 05 - B3F_AVG1_ADC8192;4.232080;98649;88044;30.44;2258;1.93140;2.40334;0;0;0;;;;
SIN_CROTAL;scheduled;toma con tabla personalizada de configuraciones;CONFIG 05 - B3F_AVG1_ADC8192;4.261910;98645;88029;29.91;2238;1.93516;2.32205;0;0;0;;;;
SIN_CROTAL;scheduled;toma con tabla personalizada de configuraciones;CONFIG 05 - B3F_AVG1_ADC8192;4.281456;98628;87985;30.68;2267;1.80740;2.12257;0;0;0;;;;
SIN_CROTAL;scheduled;toma con tabla personalizada de configuraciones;CONFIG 05 - B3F_AVG1_ADC8192;4.312198;98588;87906;29.54;2224;1.53063;1.75162;0;0;0;;;;
SIN_CROTAL;scheduled;toma con tabla personalizada de configuraciones;CONFIG 05 - B3F_AVG1_ADC8192;4.332050;98541;87809;30.28;2252;1.03386;1.18172;0;0;0;;;;
SIN_CROTAL;scheduled;toma con tabla personalizada de configuraciones;CONFIG 05 - B3F_AVG1_ADC8192;4.362228;98460;87670;30.28;2252;0.48988;0.53942;0;0;0;;;;
SIN_CROTAL;scheduled;toma con tabla personalizada de configuraciones;CONFIG 05 - B3F_AVG1_ADC8192;4.382754;98407;87557;30.30;2253;-0.16325;-0.04678;0;0;0;;;;
SIN_CROTAL;scheduled;toma con tabla personalizada de configuraciones;CONFIG 05 - B3F_AVG1_ADC8192;4.412382;98329;87488;30.68;2267;-0.51386;-0.37360;0;0;0;;;;
SIN_CROTAL;scheduled;toma con tabla personalizada de configuraciones;CONFIG 05 - B3F_AVG1_ADC8192;4.432759;98337;87474;30.52;2261;-0.75933;-0.49085;0;0;0;;;;
SIN_CROTAL;scheduled;toma con tabla personalizada de configuraciones;CONFIG 05 - B3F_AVG1_ADC8192;4.462611;98315;87462;30.17;2248;-0.75146;-0.53293;0;0;0;;;;
SIN_CROTAL;scheduled;toma con tabla personalizada de configuraciones;CONFIG 05 - B3F_AVG1_ADC8192;4.482196;98311;87429;30.62;2265;-0.81342;-0.61115;0;0;0;;;;
SIN_CROTAL;scheduled;toma con tabla personalizada de configuraciones;CONFIG 05 - B3F_AVG1_ADC8192;4.512608;98299;87398;30.38;2256;-0.81960;-0.66165;0;0;0;;97.86;0.55235;0.0
SIN_CROTAL;scheduled;toma con tabla personalizada de configuraciones;CONFIG 05 - B3F_AVG1_ADC8192;4.532608;98294;87400;30.49;2260;-0.80090;-0.69367;0;0;0;;;;
SIN_CROTAL;scheduled;toma con tabla personalizada de configuraciones;CONFIG 05 - B3F_AVG1_ADC8192;4.562756;98298;87377;30.76;2270;-0.79744;-0.74319;0;0;0;;;;
SIN_CROTAL;scheduled;toma con tabla personalizada de configuraciones;CONFIG 05 - B3F_AVG1_ADC8192;4.582695;98282;87338;30.33;2254;-0.89323;-0.92665;0;0;0;;;;
SIN_CROTAL;scheduled;toma con tabla personalizada de configuraciones;CONFIG 05 - B3F_AVG1_ADC8192;4.612950;98248;87276;30.81;2272;-1.16340;-1.13748;0;0;0;;;;
SIN_CROTAL;scheduled;toma con tabla personalizada de configuraciones;CONFIG 05 - B3F_AVG1_ADC8192;4.633013;98201;87240;30.68;2267;-1.39377;-1.34546;0;0;0;;;;
SIN_CROTAL;scheduled;toma con tabla personalizada de configuraciones;CONFIG 05 - B3F_AVG1_ADC8192;4.663222;98197;87203;31.08;2282;-1.48111;-1.47848;0;0;0;;;;
SIN_CROTAL;scheduled;toma con tabla personalizada de configuraciones;CONFIG 05 - B3F_AVG1_ADC8192;4.683455;98205;87177;30.30;2253;-1.60299;-1.67131;0;0;0;;;;
SIN_CROTAL;scheduled;toma con tabla personalizada de configuraciones;CONFIG 05 - B3F_AVG1_ADC8192;4.713247;98148;87112;30.70;2268;-1.76477;-1.87549;0;0;0;;;;
SIN_CROTAL;scheduled;toma con tabla personalizada de configuraciones;CONFIG 05 - B3F_AVG1_ADC8192;4.733539;98132;87069;29.15;2209;-2.20389;-2.14596;0;0;0;;;;
SIN_CROTAL;scheduled;toma con tabla personalizada de configuraciones;CONFIG 05 - B3F_AVG1_ADC8192;4.763404;98059;87011;29.80;2234;-2.52300;-2.39764;0;0;0;;;;
SIN_CROTAL;scheduled;toma con tabla personalizada de configuraciones;CONFIG 05 - B3F_AVG1_ADC8192;4.783010;98037;86955;29.38;2218;-2.85753;-2.57363;0;0;0;;;;
SIN_CROTAL;scheduled;toma con tabla personalizada de configuraciones;CONFIG 05 - B3F_AVG1_ADC8192;4.813601;98017;86949;30.68;2267;-2.88109;-2.60890;0;0;0;;;;
SIN_CROTAL;scheduled;toma con tabla personalizada de configuraciones;CONFIG 05 - B3F_AVG1_ADC8192;4.833479;98035;86959;30.46;2259;-2.74068;-2.48613;0;0;0;;;;
SIN_CROTAL;scheduled;toma con tabla personalizada de configuraciones;CONFIG 05 - B3F_AVG1_ADC8192;4.863719;98061;86979;30.33;2254;-2.39273;-2.29540;0;0;0;;;;
SIN_CROTAL;scheduled;toma con tabla personalizada de configuraciones;CONFIG 05 - B3F_AVG1_ADC8192;4.883113;98101;87005;30.54;2262;-2.01260;-2.06730;0;0;0;;;;
SIN_CROTAL;scheduled;toma con tabla personalizada de configuraciones;CONFIG 05 - B3F_AVG1_ADC8192;4.913746;98128;87033;30.04;2243;-1.66318;-1.91125;0;0;0;;;;
SIN_CROTAL;scheduled;toma con tabla personalizada de configuraciones;CONFIG 05 - B3F_AVG1_ADC8192;4.934203;98145;87018;29.51;2223;-1.46799;-1.82171;0;0;0;;;;
SIN_CROTAL;scheduled;toma con tabla personalizada de configuraciones;CONFIG 05 - B3F_AVG1_ADC8192;4.963897;98140;87012;30.01;2242;-1.37922;-1.80579;0;0;0;;;;
SIN_CROTAL;scheduled;toma con tabla personalizada de configuraciones;CONFIG 05 - B3F_AVG1_ADC8192;4.984309;98136;87004;30.25;2251;-1.29087;-1.64787;0;0;0;;;;
SIN_CROTAL;scheduled;toma con tabla personalizada de configuraciones;CONFIG 05 - B3F_AVG1_ADC8192;5.014044;98153;87058;30.20;2249;-1.12944;-1.50716;0;0;0;60.14;98.21;0.53377;18.1
SIN_CROTAL;scheduled;toma con tabla personalizada de configuraciones;CONFIG 05 - B3F_AVG1_ADC8192;5.034574;98170;87045;30.44;2258;-1.01182;-1.32857;0;0;0;;;;
SIN_CROTAL;scheduled;toma con tabla personalizada de configuraciones;CONFIG 05 - B3F_AVG1_ADC8192;5.064141;98154;87057;30.17;2248;-1.04468;-1.34005;0;0;0;;;;
SIN_CROTAL;scheduled;toma con tabla personalizada de configuraciones;CONFIG 05 - B3F_AVG1_ADC8192;5.083808;98128;87021;30.54;2262;-1.24782;-1.34336;0;0;0;;;;
SIN_CROTAL;scheduled;toma con tabla personalizada de configuraciones;CONFIG 05 - B3F_AVG1_ADC8192;5.114477;98096;87013;30.62;2265;-1.38785;-1.36644;0;0;0;;;;
SIN_CROTAL;scheduled;toma con tabla personalizada de configuraciones;CONFIG 05 - B3F_AVG1_ADC8192;5.134328;98099;87016;30.20;2249;-1.39923;-1.29728;0;0;0;;;;
SIN_CROTAL;scheduled;toma con tabla personalizada de configuraciones;CONFIG 05 - B3F_AVG1_ADC8192;5.164596;98111;87025;30.62;2265;-1.32314;-1.24629;0;0;0;;;;
SIN_CROTAL;scheduled;toma con tabla personalizada de configuraciones;CONFIG 05 - B3F_AVG1_ADC8192;5.184027;98105;87009;30.28;2252;-1.29713;-1.24105;0;0;0;;;;
SIN_CROTAL;scheduled;toma con tabla personalizada de configuraciones;CONFIG 05 - B3F_AVG1_ADC8192;5.214649;98094;86991;30.78;2271;-1.26554;-1.22857;0;0;0;;;;
SIN_CROTAL;scheduled;toma con tabla personalizada de configuraciones;CONFIG 05 - B3F_AVG1_ADC8192;5.234566;98108;87004;30.38;2256;-1.18636;-1.10503;0;0;0;;;;
SIN_CROTAL;scheduled;toma con tabla personalizada de configuraciones;CONFIG 05 - B3F_AVG1_ADC8192;5.264850;98116;87042;29.67;2229;-0.93933;-0.88083;0;0;0;;;;
SIN_CROTAL;scheduled;toma con tabla personalizada de configuraciones;CONFIG 05 - B3F_AVG1_ADC8192;5.284873;98154;87073;30.04;2243;-0.71776;-0.67449;0;0;0;;;;
SIN_CROTAL;scheduled;toma con tabla personalizada de configuraciones;CONFIG 05 - B3F_AVG1_ADC8192;5.314940;98161;87079;30.60;2264;-0.50633;-0.53706;0;0;0;;;;
SIN_CROTAL;scheduled;toma con tabla personalizada de configuraciones;CONFIG 05 - B3F_AVG1_ADC8192;5.334937;98167;87086;29.44;2220;-0.40995;-0.42441;0;0;0;;;;
SIN_CROTAL;scheduled;toma con tabla personalizada de configuraciones;CONFIG 05 - B3F_AVG1_ADC8192;5.365140;98173;87108;30.54;2262;-0.27664;-0.33581;0;0;0;;;;
SIN_CROTAL;scheduled;toma con tabla personalizada de configuraciones;CONFIG 05 - B3F_AVG1_ADC8192;5.385596;98193;87106;29.41;2219;-0.14422;-0.26793;0;0;0;;;;
SIN_CROTAL;scheduled;toma con tabla personalizada de configuraciones;CONFIG 05 - B3F_AVG1_ADC8192;5.415253;98201;87107;30.73;2269;-0.01933;-0.29003;0;0;0;;;;
SIN_CROTAL;scheduled;toma con tabla personalizada de configuraciones;CONFIG 05 - B3F_AVG1_ADC8192;5.435802;98207;87089;29.62;2227;-0.00723;-0.30716;0;0;0;;;;
SIN_CROTAL;scheduled;toma con tabla personalizada de configuraciones;CONFIG 05 - B3F_AVG1_ADC8192;5.465333;98195;87091;30.15;2247;0.05807;-0.27016;0;0;0;;;;
SIN_CROTAL;scheduled;toma con tabla personalizada de configuraciones;CONFIG 05 - B3F_AVG1_ADC8192;5.485501;98219;87118;30.20;2249;0.13775;-0.17435;0;0;0;;;;
SIN_CROTAL;scheduled;toma con tabla personalizada de configuraciones;CONFIG 05 - B3F_AVG1_ADC8192;5.515515;98229;87128;29.86;2236;0.30629;-0.05022;0;0;0;60.13;98.34;0.52612;9.3
SIN_CROTAL;scheduled;toma con tabla personalizada de configuraciones;CONFIG 05 - B3F_AVG1_ADC8192;5.535882;98243;87144;30.20;2249;0.36114;0.01037;0;0;0;;;;
SIN_CROTAL;scheduled;toma con tabla personalizada de configuraciones;CONFIG 05 - B3F_AVG1_ADC8192;5.565671;98234;87141;29.67;2229;0.34993;-0.00798;0;0;0;;;;
SIN_CROTAL;scheduled;toma con tabla personalizada de configuraciones;CONFIG 05 - B3F_AVG1_ADC8192;5.586305;98225;87114;30.52;2261;0.26158;0.00911;0;0;0;;;;
SIN_CROTAL;scheduled;toma con tabla personalizada de configuraciones;CONFIG 05 - B3F_AVG1_ADC8192;5.615826;98217;87148;30.23;2250;0.22859;0.03486;0;0;0;;;;
SIN_CROTAL;scheduled;toma con tabla personalizada de configuraciones;CONFIG 05 - B3F_AVG1_ADC8192;5.636202;98225;87151;30.70;2268;0.30777;0.14452;0;0;0;;;;
SIN_CROTAL;scheduled;toma con tabla personalizada de configuraciones;CONFIG 05 - B3F_AVG1_ADC8192;5.666028;98250;87166;30.49;2260;0.41443;0.15987;0;0;0;;;;
SIN_CROTAL;scheduled;toma con tabla personalizada de configuraciones;CONFIG 05 - B3F_AVG1_ADC8192;5.686260;98251;87156;30.38;2256;0.43097;0.12927;0;0;0;;;;
SIN_CROTAL;scheduled;toma con tabla personalizada de configuraciones;CONFIG 05 - B3F_AVG1_ADC8192;5.716030;98233;87138;30.20;2249;0.28455;0.02077;0;0;0;;;;
SIN_CROTAL;scheduled;toma con tabla personalizada de configuraciones;CONFIG 05 - B3F_AVG1_ADC8192;5.735883;98211;87117;29.94;2239;0.14570;-0.05427;0;0;0;;;;
SIN_CROTAL;scheduled;toma con tabla personalizada de configuraciones;CONFIG 05 - B3F_AVG1_ADC8192;5.766179;98215;87125;30.49;2260;0.06911;-0.06634;0;0;0;;;;
SIN_CROTAL;scheduled;toma con tabla personalizada de configuraciones;CONFIG 05 - B3F_AVG1_ADC8192;5.786079;98217;87139;30.28;2252;0.14684;0.04611;0;0;0;;;;
SIN_CROTAL;scheduled;toma con tabla personalizada de configuraciones;CONFIG 05 - B3F_AVG1_ADC8192;5.816366;98241;87179;29.86;2236;0.26640;0.16636;0;0;0;;;;
SIN_CROTAL;scheduled;toma con tabla personalizada de configuraciones;CONFIG 05 - B3F_AVG1_ADC8192;5.836307;98258;87191;30.78;2271;0.33255;0.23311;0;0;0;;;;
SIN_CROTAL;scheduled;toma con tabla personalizada de configuraciones;CONFIG 05 - B3F_AVG1_ADC8192;5.866513;98244;87179;30.44;2258;0.27457;0.19312;0;0;0;;;;
SIN_CROTAL;scheduled;toma con tabla personalizada de configuraciones;CONFIG 05 - B3F_AVG1_ADC8192;5.886731;98231;87167;30.28;2252;0.20411;0.21311;0;0;0;;;;
SIN_CROTAL;scheduled;toma con tabla personalizada de configuraciones;CONFIG 05 - B3F_AVG1_ADC8192;5.916718;98243;87207;29.70;2230;0.26509;0.25404;0;0;0;;;;
SIN_CROTAL;scheduled;toma con tabla personalizada de configuraciones;CONFIG 05 - B3F_AVG1_ADC8192;5.937203;98266;87204;31.08;2282;0.35717;0.32307;0;0;0;;;;
SIN_CROTAL;scheduled;toma con tabla personalizada de configuraciones;CONFIG 05 - B3F_AVG1_ADC8192;5.966900;98261;87205;29.44;2220;0.38944;0.35468;0;0;0;;;;
SIN_CROTAL;scheduled;toma con tabla personalizada de configuraciones;CONFIG 05 - B3F_AVG1_ADC8192;5.986761;98255;87227;30.49;2260;0.39768;0.45170;0;0;0;;;;
SIN_CROTAL;scheduled;toma con tabla personalizada de configuraciones;CONFIG 05 - B3F_AVG1_ADC8192;6.017025;98271;87256;29.51;2223;0.46049;0.59290;0;0;0;45.09;98.61;0.50984;20.9
SIN_CROTAL;scheduled;toma con tabla personalizada de configuraciones;CONFIG 05 - B3F_AVG1_ADC8192;6.036876;98282;87278;30.86;2274;0.55129;0.72676;0;0;0;;;;
SIN_CROTAL;scheduled;toma con tabla personalizada de configuraciones;CONFIG 05 - B3F_AVG1_ADC8192;6.067071;98284;87296;30.15;2247;0.62623;0.83767;0;0;0;;;;
SIN_CROTAL;scheduled;toma con tabla personalizada de configuraciones;CONFIG 05 - B3F_AVG1_ADC8192;6.086999;98295;87313;31.10;2283;0.71771;0.91277;0;0;0;;;;
SIN_CROTAL;scheduled;toma con tabla personalizada de configuraciones;CONFIG 05 - B3F_AVG1_ADC8192;6.117179;98311;87318;30.52;2261;0.76885;0.96622;0;0;0;;;;
SIN_CROTAL;scheduled;toma con tabla personalizada de configuraciones;CONFIG 05 - B3F_AVG1_ADC8192;6.137108;98302;87326;30.52;2261;0.81051;0.99312;0;0;0;;;;
SIN_CROTAL;scheduled;toma con tabla personalizada de configuraciones;CONFIG 05 - B3F_AVG1_ADC8192;6.167511;98311;87331;29.88;2237;0.82484;1.05412;0;0;0;;;;
SIN_CROTAL;scheduled;toma con tabla personalizada de configuraciones;CONFIG 05 - B3F_AVG1_ADC8192;6.187231;98319;87352;29.59;2226;0.91235;1.10996;0;0;0;;;;
SIN_CROTAL;scheduled;toma con tabla personalizada de configuraciones;CONFIG 05 - B3F_AVG1_ADC8192;6.217477;98331;87357;30.07;2244;0.94652;1.11885;0;0;0;;;;
SIN_CROTAL;scheduled;toma con tabla personalizada de configuraciones;CONFIG 05 - B3F_AVG1_ADC8192;6.238083;98324;87339;30.57;2263;0.92994;1.10693;0;0;0;;;;
SIN_CROTAL;scheduled;toma con tabla personalizada de configuraciones;CONFIG 05 - B3F_AVG1_ADC8192;6.267664;98317;87350;30.73;2269;0.89344;1.10642;0;0;0;;;;
SIN_CROTAL;scheduled;toma con tabla personalizada de configuraciones;CONFIG 05 - B3F_AVG1_ADC8192;6.287643;98323;87360;29.51;2223;0.92770;1.19964;0;0;0;;;;
SIN_CROTAL;scheduled;toma con tabla personalizada de configuraciones;CONFIG 05 - B3F_AVG1_ADC8192;6.317825;98336;87386;30.44;2258;0.98141;1.27058;0;0;0;;;;
SIN_CROTAL;scheduled;toma con tabla personalizada de configuraciones;CONFIG 05 - B3F_AVG1_ADC8192;6.337769;98334;87385;30.68;2267;1.06181;1.30333;0;0;0;;;;
SIN_CROTAL;scheduled;toma con tabla personalizada de configuraciones;CONFIG 05 - B3F_AVG1_ADC8192;6.368024;98347;87376;30.60;2264;1.10250;1.24991;0;0;1;;;;
SIN_CROTAL;scheduled;toma con tabla personalizada de configuraciones;CONFIG 05 - B3F_AVG1_ADC8192;6.388327;98348;87360;30.49;2260;1.11100;1.19314;0;0;0;;;;
SIN_CROTAL;scheduled;toma con tabla personalizada de configuraciones;CONFIG 05 - B3F_AVG1_ADC8192;6.418215;98336;87357;30.62;2265;0.99727;1.07939;0;0;0;;;;
SIN_CROTAL;scheduled;toma con tabla personalizada de configuraciones;CONFIG 05 - B3F_AVG1_ADC8192;6.437791;98313;87320;30.52;2261;0.83694;0.94519;0;0;0;;;;
SIN_CROTAL;scheduled;toma con tabla personalizada de configuraciones;CONFIG 05 - B3F_AVG1_ADC8192;6.468236;98300;87294;30.52;2261;0.65567;0.74674;0;0;0;;;;
SIN_CROTAL;scheduled;toma con tabla personalizada de configuraciones;CONFIG 05 - B3F_AVG1_ADC8192;6.487843;98282;87260;30.52;2261;0.54457;0.58060;0;0;0;;;;
SIN_CROTAL;scheduled;toma con tabla personalizada de configuraciones;CONFIG 05 - B3F_AVG1_ADC8192;6.518478;98279;87238;30.07;2244;0.43816;0.49277;0;0;0;45.09;98.94;0.48719;23.6
SIN_CROTAL;scheduled;toma con tabla personalizada de configuraciones;CONFIG 05 - B3F_AVG1_ADC8192;6.538027;98267;87249;30.52;2261;0.42703;0.46497;0;0;0;;;;
SIN_CROTAL;scheduled;toma con tabla personalizada de configuraciones;CONFIG 05 - B3F_AVG1_ADC8192;6.568595;98276;87243;30.52;2261;0.47186;0.52731;0;0;0;;;;
SIN_CROTAL;scheduled;toma con tabla personalizada de configuraciones;CONFIG 05 - B3F_AVG1_ADC8192;6.588361;98289;87264;30.38;2256;0.56757;0.56992;0;0;0;;;;
SIN_CROTAL;scheduled;toma con tabla personalizada de configuraciones;CONFIG 05 - B3F_AVG1_ADC8192;6.618673;98292;87266;30.12;2246;0.65089;0.62818;0;0;0;;;;
SIN_CROTAL;scheduled;toma con tabla personalizada de configuraciones;CONFIG 05 - B3F_AVG1_ADC8192;6.638619;98298;87268;29.41;2219;0.67449;0.62735;0;0;0;;;;
SIN_CROTAL;scheduled;toma con tabla personalizada de configuraciones;CONFIG 05 - B3F_AVG1_ADC8192;6.668908;98294;87261;30.81;2272;0.66096;0.57978;0;0;0;;;;
SIN_CROTAL;scheduled;toma con tabla personalizada de configuraciones;CONFIG 05 - B3F_AVG1_ADC8192;6.688249;98286;87240;30.68;2267;0.60813;0.56546;0;0;0;;;;
SIN_CROTAL;scheduled;toma con tabla personalizada de configuraciones;CONFIG 05 - B3F_AVG1_ADC8192;6.719018;98280;87258;29.83;2235;0.59291;0.55087;0;0;0;;;;
SIN_CROTAL;scheduled;toma con tabla personalizada de configuraciones;CONFIG 05 - B3F_AVG1_ADC8192;6.738501;98287;87251;30.30;2253;0.59676;0.59958;0;0;0;;;;
SIN_CROTAL;scheduled;toma con tabla personalizada de configuraciones;CONFIG 05 - B3F_AVG1_ADC8192;6.769087;98285;87261;30.38;2256;0.60919;0.54797;0;0;0;;;;
SIN_CROTAL;scheduled;toma con tabla personalizada de configuraciones;CONFIG 05 - B3F_AVG1_ADC8192;6.789070;98282;87231;30.65;2266;0.49838;0.41542;0;0;0;;;;
SIN_CROTAL;scheduled;toma con tabla personalizada de configuraciones;CONFIG 05 - B3F_AVG1_ADC8192;6.819308;98253;87185;30.81;2272;0.33111;0.21422;0;0;0;;;;
SIN_CROTAL;scheduled;toma con tabla personalizada de configuraciones;CONFIG 05 - B3F_AVG1_ADC8192;6.839517;98234;87161;31.00;2279;0.14566;0.06914;0;0;0;;;;
SIN_CROTAL;scheduled;toma con tabla personalizada de configuraciones;CONFIG 05 - B3F_AVG1_ADC8192;6.869394;98225;87157;30.36;2255;0.02652;0.01715;0;0;0;;;;
SIN_CROTAL;scheduled;toma con tabla personalizada de configuraciones;CONFIG 05 - B3F_AVG1_ADC8192;6.889082;98215;87155;30.12;2246;-0.05185;0.00000;0;0;0;;;;
SIN_CROTAL;scheduled;toma con tabla personalizada de configuraciones;CONFIG 05 - B3F_AVG1_ADC8192;6.919516;98208;87148;31.00;2279;-0.10307;-0.01427;0;0;0;;;;
SIN_CROTAL;scheduled;toma con tabla personalizada de configuraciones;CONFIG 05 - B3F_AVG1_ADC8192;6.939878;98207;87145;31.24;2288;-0.10150;-0.00947;0;0;0;;;;
SIN_CROTAL;scheduled;toma con tabla personalizada de configuraciones;CONFIG 05 - B3F_AVG1_ADC8192;6.969671;98212;87152;30.44;2258;-0.10510;0.01733;0;0;0;;;;
SIN_CROTAL;scheduled;toma con tabla personalizada de configuraciones;CONFIG 05 - B3F_AVG1_ADC8192;6.989108;98203;87155;30.38;2256;-0.06069;0.06054;0;0;0;;;;
SIN_CROTAL;scheduled;toma con tabla personalizada de configuraciones;CONFIG 05 - B3F_AVG1_ADC8192;7.019909;98216;87160;29.72;2231;0.00000;0.11499;0;0;0;45.10;98.94;0.48681;19.4
SIN_CROTAL;scheduled;toma con tabla personalizada de configuraciones;CONFIG 05 - B3F_AVG1_ADC8192;7.039800;98226;87172;29.96;2240;0.06729;0.11838;0;0;0;;;;
SIN_CROTAL;scheduled;toma con tabla personalizada de configuraciones;CONFIG 05 - B3F_AVG1_ADC8192;7.070069;98219;87150;30.36;2255;0.03942;0.08174;0;0;0;;;;
SIN_CROTAL;scheduled;toma con tabla personalizada de configuraciones;CONFIG 05 - B3F_AVG1_ADC8192;7.089709;98204;87135;30.23;2250;0.01633;0.05879;0;0;0;;;;
SIN_CROTAL;scheduled;toma con tabla personalizada de configuraciones;CONFIG 05 - B3F_AVG1_ADC8192;7.120015;98215;87153;30.54;2262;-0.00541;0.07851;0;0;0;;;;
SIN_CROTAL;scheduled;toma con tabla personalizada de configuraciones;CONFIG 05 - B3F_AVG1_ADC8192;7.140624;98208;87151;31.00;2279;0.03502;0.14043;0;0;0;;;;
SIN_CROTAL;scheduled;toma con tabla personalizada de configuraciones;CONFIG 05 - B3F_AVG1_ADC8192;7.170179;98211;87156;30.44;2258;-0.01303;0.10146;0;0;0;;;;
SIN_CROTAL;scheduled;toma con tabla personalizada de configuraciones;CONFIG 05 - B3F_AVG1_ADC8192;7.189802;98196;87125;30.41;2257;-0.06390;0.02552;0;0;0;;;;
SIN_CROTAL;scheduled;toma con tabla personalizada de configuraciones;CONFIG 05 - B3F_AVG1_ADC8192;7.220325;98188;87105;30.78;2271;-0.18258;-0.07705;0;0;0;;;;
SIN_CROTAL;scheduled;toma con tabla personalizada de configuraciones;CONFIG 05 - B3F_AVG1_ADC8192;7.240188;98171;87097;29.54;2224;-0.22614;-0.10190;0;0;0;;;;
SIN_CROTAL;scheduled;toma con tabla personalizada de configuraciones;CONFIG 05 - B3F_AVG1_ADC8192;7.270650;98178;87104;30.09;2245;-0.22297;-0.09640;0;0;0;;;;
SIN_CROTAL;scheduled;toma con tabla personalizada de configuraciones;CONFIG 05 - B3F_AVG1_ADC8192;7.290627;98184;87099;29.99;2241;-0.18271;-0.09014;0;0;0;;;;
SIN_CROTAL;scheduled;toma con tabla personalizada de configuraciones;CONFIG 05 - B3F_AVG1_ADC8192;7.320668;98178;87092;30.20;2249;-0.17294;-0.13353;0;0;0;;;;
SIN_CROTAL;scheduled;toma con tabla personalizada de configuraciones;CONFIG 05 - B3F_AVG1_ADC8192;7.340962;98176;87075;29.67;2229;-0.20030;-0.13294;0;0;0;;;;
SIN_CROTAL;scheduled;toma con tabla personalizada de configuraciones;CONFIG 05 - B3F_AVG1_ADC8192;7.370938;98171;87091;29.96;2240;-0.23024;-0.13609;0;0;0;;;;
SIN_CROTAL;scheduled;toma con tabla personalizada de configuraciones;CONFIG 05 - B3F_AVG1_ADC8192;7.391019;98164;87082;30.62;2265;-0.27021;-0.12950;0;0;0;;;;
SIN_CROTAL;scheduled;toma con tabla personalizada de configuraciones;CONFIG 05 - B3F_AVG1_ADC8192;7.420907;98159;87070;30.81;2272;-0.22445;-0.16937;0;0;0;;;;
SIN_CROTAL;scheduled;toma con tabla personalizada de configuraciones;CONFIG 05 - B3F_AVG1_ADC8192;7.441252;98179;87064;29.83;2235;-0.20068;-0.22315;0;0;0;;;;
SIN_CROTAL;scheduled;toma con tabla personalizada de configuraciones;CONFIG 05 - B3F_AVG1_ADC8192;7.471141;98166;87049;30.73;2269;-0.14811;-0.25784;0;0;0;;;;
SIN_CROTAL;scheduled;toma con tabla personalizada de configuraciones;CONFIG 05 - B3F_AVG1_ADC8192;7.491580;98170;87047;30.38;2256;-0.20745;-0.31581;0;0;0;;;;
SIN_CROTAL;scheduled;toma con tabla personalizada de configuraciones;CONFIG 05 - B3F_AVG1_ADC8192;7.521290;98158;87031;30.36;2255;-0.22369;-0.33637;0;0;0;45.09;98.92;0.48857;1.8
SIN_CROTAL;scheduled;toma con tabla personalizada de configuraciones;CONFIG 05 - B3F_AVG1_ADC8192;7.541203;98158;87035;30.33;2254;-0.27558;-0.36433;0;0;0;;;;
SIN_CROTAL;scheduled;toma con tabla personalizada de configuraciones;CONFIG 05 - B3F_AVG1_ADC8192;7.571313;98152;87030;30.65;2266;-0.30717;-0.36777;0;0;0;;;;
SIN_CROTAL;scheduled;toma con tabla personalizada de configuraciones;CONFIG 05 - B3F_AVG1_ADC8192;7.590975;98146;87026;30.70;2268;-0.26983;-0.30816;0;0;0;;;;
SIN_CROTAL;scheduled;toma con tabla personalizada de configuraciones;CONFIG 05 - B3F_AVG1_ADC8192;7.621568;98166;87060;30.54;2262;-0.17662;-0.21068;0;0;0;;;;
SIN_CROTAL;scheduled;toma con tabla personalizada de configuraciones;CONFIG 05 - B3F_AVG1_ADC8192;7.641538;98176;87073;29.28;2214;-0.07562;-0.11255;0;0;0;;;;
SIN_CROTAL;scheduled;toma con tabla personalizada de configuraciones;CONFIG 05 - B3F_AVG1_ADC8192;7.671686;98172;87069;30.54;2262;-0.02237;-0.08313;0;0;0;;;;
SIN_CROTAL;scheduled;toma con tabla personalizada de configuraciones;CONFIG 05 - B3F_AVG1_ADC8192;7.692312;98178;87070;30.30;2253;-0.04132;-0.05646;0;0;0;;;;
SIN_CROTAL;scheduled;toma con tabla personalizada de configuraciones;CONFIG 05 - B3F_AVG1_ADC8192;7.721744;98167;87082;30.84;2273;0.00406;-0.05499;0;0;0;;;;
SIN_CROTAL;scheduled;toma con tabla personalizada de configuraciones;CONFIG 05 - B3F_AVG1_ADC8192;7.741772;98182;87066;30.54;2262;0.00118;-0.05379;0;0;0;;;;
SIN_CROTAL;scheduled;toma con tabla personalizada de configuraciones;CONFIG 05 - B3F_AVG1_ADC8192;7.771998;98174;87067;30.28;2252;0.02567;-0.07076;0;0;0;;;;
SIN_CROTAL;scheduled;toma con tabla personalizada de configuraciones;CONFIG 05 - B3F_AVG1_ADC8192;7.791772;98171;87070;30.30;2253;-0.02512;-0.07386;0;0;0;;;;
SIN_CROTAL;scheduled;toma con tabla personalizada de configuraciones;CONFIG 05 - B3F_AVG1_ADC8192;7.822255;98164;87061;29.30;2215;-0.05680;-0.10570;0;0;0;;;;
SIN_CROTAL;scheduled;toma con tabla personalizada de configuraciones;CONFIG 05 - B3F_AVG1_ADC8192;7.841574;98162;87049;30.49;2260;-0.09406;-0.13178;0;0;0;;;;
SIN_CROTAL;scheduled;toma con tabla personalizada de configuraciones;CONFIG 05 - B3F_AVG1_ADC8192;7.872368;98158;87056;30.97;2278;-0.09605;-0.17640;0;0;0;;;;
SIN_CROTAL;scheduled;toma con tabla personalizada de configuraciones;CONFIG 05 - B3F_AVG1_ADC8192;7.892684;98162;87039;30.33;2254;-0.09964;-0.15941;0;0;0;;;;
SIN_CROTAL;scheduled;toma con tabla personalizada de configuraciones;CONFIG 05 - B3F_AVG1_ADC8192;7.922407;98160;87057;29.62;2227;-0.12832;-0.19057;0;0;0;;;;
SIN_CROTAL;scheduled;toma con tabla personalizada de configuraciones;CONFIG 05 - B3F_AVG1_ADC8192;7.942505;98149;87041;30.52;2261;-0.16460;-0.16798;0;0;0;;;;
SIN_CROTAL;scheduled;toma con tabla personalizada de configuraciones;CONFIG 05 - B3F_AVG1_ADC8192;7.972684;98151;87050;29.46;2221;-0.19759;-0.18706;0;0;0;;;;
SIN_CROTAL;scheduled;toma con tabla personalizada de configuraciones;CONFIG 05 - B3F_AVG1_ADC8192;7.992331;98150;87048;30.86;2274;-0.15885;-0.12693;0;0;0;;;;
SIN_CROTAL;scheduled;toma con tabla personalizada de configuraciones;CONFIG 05 - B3F_AVG1_ADC8192;8.022742;98160;87070;30.46;2259;-0.07177;-0.08721;0;0;0;60.13;98.78;0.49872;19.8
SIN_CROTAL;scheduled;toma con tabla personalizada de configuraciones;CONFIG 05 - B3F_AVG1_ADC8192;8.042781;98176;87069;30.01;2242;0.02275;-0.00955;0;0;0;;;;
SIN_CROTAL;scheduled;toma con tabla personalizada de configuraciones;CONFIG 05 - B3F_AVG1_ADC8192;8.072832;98177;87085;30.81;2272;0.06314;0.00768;0;0;0;;;;
SIN_CROTAL;scheduled;toma con tabla personalizada de configuraciones;CONFIG 05 - B3F_AVG1_ADC8192;8.092655;98171;87078;30.28;2252;0.03794;0.02842;0;0;0;;;;
SIN_CROTAL;scheduled;toma con tabla personalizada de configuraciones;CONFIG 05 - B3F_AVG1_ADC8192;8.123002;98168;87079;30.60;2264;0.02939;0.02372;0;0;0;;;;
SIN_CROTAL;scheduled;toma con tabla personalizada de configuraciones;CONFIG 05 - B3F_AVG1_ADC8192;8.143624;98174;87083;30.30;2253;0.05122;0.03569;0;0;0;;;;
SIN_CROTAL;scheduled;toma con tabla personalizada de configuraciones;CONFIG 05 - B3F_AVG1_ADC8192;8.173147;98177;87084;30.44;2258;0.05963;-0.00796;0;0;0;;;;
SIN_CROTAL;scheduled;toma con tabla personalizada de configuraciones;CONFIG 05 - B3F_AVG1_ADC8192;8.193636;98170;87058;30.20;2249;0.03984;0.02462;0;0;0;;;;
SIN_CROTAL;scheduled;toma con tabla personalizada de configuraciones;CONFIG 05 - B3F_AVG1_ADC8192;8.223406;98168;87099;30.73;2269;0.08086;0.05394;0;0;0;;;;
SIN_CROTAL;scheduled;toma con tabla personalizada de configuraciones;CONFIG 05 - B3F_AVG1_ADC8192;8.243899;98189;87099;30.73;2269;0.14418;0.17324;0;0;0;;;;
SIN_CROTAL;scheduled;toma con tabla personalizada de configuraciones;CONFIG 05 - B3F_AVG1_ADC8192;8.273456;98189;87117;30.65;2266;0.23413;0.23378;0;0;0;;;;
SIN_CROTAL;scheduled;toma con tabla personalizada de configuraciones;CONFIG 05 - B3F_AVG1_ADC8192;8.293287;98195;87130;30.54;2262;0.25198;0.34199;0;0;0;;;;
SIN_CROTAL;scheduled;toma con tabla personalizada de configuraciones;CONFIG 05 - B3F_AVG1_ADC8192;8.323541;98195;87153;30.49;2260;0.26327;0.41473;0;0;0;;;;
SIN_CROTAL;scheduled;toma con tabla personalizada de configuraciones;CONFIG 05 - B3F_AVG1_ADC8192;8.343484;98193;87154;30.15;2247;0.27448;0.45760;0;0;0;;;;
SIN_CROTAL;scheduled;toma con tabla personalizada de configuraciones;CONFIG 05 - B3F_AVG1_ADC8192;8.373723;98199;87153;30.09;2245;0.28632;0.45403;0;0;0;;;;
