id;modo;condiciones_medida;config_label;tiempo_s;red_raw;ir_raw;temp_c;temp_raw;cfg_red;cfg_ir;cfg_avg;cfg_rate;cfg_width;cfg_adc;cfg_skip;cfg_debug;cfg_confirmacion;system_time
SIN_CROTAL;scheduled;toma con tabla personalizada de configuraciones;CONFIG 11 - B7F_AVG4_ADC8192;294.373923;32682;58945;36.05;2463;127;127;4;100;411;8192;50;0;pendiente;2026-06-01T13:35:03.347
SIN_CROTAL;scheduled;toma con tabla personalizada de configuraciones;CONFIG 11 - B7F_AVG4_ADC8192;294.493965;65391;118918;36.16;2467;127;127;4;100;411;8192;50;0;confirmada;2026-06-01T13:35:03.474
SIN_CROTAL;scheduled;toma con tabla personalizada de configuraciones;CONFIG 11 - B7F_AVG4_ADC8192;294.574190;65378;118933;35.68;2450;127;127;4;100;411;8192;50;0;confirmada;2026-06-01T13:35:03.521
SIN_CROTAL;scheduled;toma con tabla personalizada de configuraciones;CONFIG 11 - B7F_AVG4_ADC8192;294.694525;65365;118982;36.87;2492;127;127;4;100;411;8192;50;0;confirmada;2026-06-01T13:35:03.664
SIN_CROTAL;scheduled;toma con tabla personalizada de configuraciones;CONFIG 11 - B7F_AVG4_ADC8192;294.774810;65338;118996;36.79;2489;127;127;4;100;411;8192;50;0;confirmada;2026-06-01T13:35:03.760
SIN_CROTAL;scheduled;toma con tabla personalizada de configuraciones;CONFIG 11 - B7F_AVG4_ADC8192;294.895128;65314;118992;36.84;2491;127;127;4;100;411;8192;50;0;confirmada;2026-06-01T13:35:03.864
SIN_CROTAL;scheduled;toma con tabla personalizada de configuraciones;CONFIG 11 - B7F_AVG4_ADC8192;294.974887;65300;119043;35.68;2450;127;127;4;100;411;8192;50;0;confirmada;2026-06-01T13:35:03.952
SIN_CROTAL;scheduled;toma con tabla personalizada de configuraciones;CONFIG 11 - B7F_AVG4_ADC8192;295.095813;65300;119006;35.93;2459;127;127;4;100;411;8192;50;0;confirmada;2026-06-01T13:35:04.048
SIN_CROTAL;scheduled;toma con tabla personalizada de configuraciones;CONFIG 11 - B7F_AVG4_ADC8192;295.176370;65276;118919;35.51;2444;127;127;4;100;411;8192;50;0;confirmada;2026-06-01T13:35:04.145
SIN_CROTAL;scheduled;toma con tabla personalizada de configuraciones;CONFIG 11 - B7F_AVG4_ADC8192;295.296408;65258;118867;35.99;2461;127;127;4;100;411;8192;50;0;confirmada;2026-06-01T13:35:04.239
SIN_CROTAL;scheduled;toma con tabla personalizada de configuraciones;CONFIG 11 - B7F_AVG4_ADC8192;295.376344;65219;118805;36.61;2483;127;127;4;100;411;8192;50;0;confirmada;2026-06-01T13:35:04.334
SIN_CROTAL;scheduled;toma con tabla personalizada de configuraciones;CONFIG 11 - B7F_AVG4_ADC8192;295.497042;65202;118714;35.99;2461;127;127;4;100;411;8192;50;0;confirmada;2026-06-01T13:35:04.477
SIN_CROTAL;scheduled;toma con tabla personalizada de configuraciones;CONFIG 11 - B7F_AVG4_ADC8192;295.577248;65187;118669;37.45;2512;127;127;4;100;411;8192;50;0;confirmada;2026-06-01T13:35:04.526
SIN_CROTAL;scheduled;toma con tabla personalizada de configuraciones;CONFIG 11 - B7F_AVG4_ADC8192;295.697572;65162;118521;36.16;2467;127;127;4;100;411;8192;50;0;confirmada;2026-06-01T13:35:04.669
SIN_CROTAL;scheduled;toma con tabla personalizada de configuraciones;CONFIG 11 - B7F_AVG4_ADC8192;295.777223;65146;118421;36.05;2463;127;127;4;100;411;8192;50;0;confirmada;2026-06-01T13:35:04.716
SIN_CROTAL;scheduled;toma con tabla personalizada de configuraciones;CONFIG 11 - B7F_AVG4_ADC8192;295.898245;65116;118261;36.16;2467;127;127;4;100;411;8192;50;0;confirmada;2026-06-01T13:35:04.860
SIN_CROTAL;scheduled;toma con tabla personalizada de configuraciones;CONFIG 11 - B7F_AVG4_ADC8192;295.978495;65109;118137;36.79;2489;127;127;4;100;411;8192;50;0;confirmada;2026-06-01T13:35:04.955
SIN_CROTAL;scheduled;toma con tabla personalizada de configuraciones;CONFIG 11 - B7F_AVG4_ADC8192;296.098663;65099;117988;36.39;2475;127;127;4;100;411;8192;50;0;confirmada;2026-06-01T13:35:05.083
SIN_CROTAL;scheduled;toma con tabla personalizada de configuraciones;CONFIG 11 - B7F_AVG4_ADC8192;296.178926;65109;117860;36.53;2480;127;127;4;100;411;8192;50;0;confirmada;2026-06-01T13:35:05.130
SIN_CROTAL;scheduled;toma con tabla personalizada de configuraciones;CONFIG 11 - B7F_AVG4_ADC8192;296.299298;65096;117622;35.79;2454;127;127;4;100;411;8192;50;0;confirmada;2026-06-01T13:35:05.278
SIN_CROTAL;scheduled;toma con tabla personalizada de configuraciones;CONFIG 11 - B7F_AVG4_ADC8192;296.380225;65097;117512;35.42;2441;127;127;4;100;411;8192;50;0;confirmada;2026-06-01T13:35:05.321
SIN_CROTAL;scheduled;toma con tabla personalizada de configuraciones;CONFIG 11 - B7F_AVG4_ADC8192;296.499877;65077;117355;36.53;2480;127;127;4;100;411;8192;50;0;confirmada;2026-06-01T13:35:05.465
SIN_CROTAL;scheduled;toma con tabla personalizada de configuraciones;CONFIG 11 - B7F_AVG4_ADC8192;296.580093;65079;117239;36.50;2479;127;127;4;100;411;8192;50;0;confirmada;2026-06-01T13:35:05.567
SIN_CROTAL;scheduled;toma con tabla personalizada de configuraciones;CONFIG 11 - B7F_AVG4_ADC8192;296.700581;65084;117082;36.50;2479;127;127;4;100;411;8192;50;0;confirmada;2026-06-01T13:35:05.657
SIN_CROTAL;scheduled;toma con tabla personalizada de configuraciones;CONFIG 11 - B7F_AVG4_ADC8192;296.781399;65097;117062;36.70;2486;127;127;4;100;411;8192;50;0;confirmada;2026-06-01T13:35:05.752
SIN_CROTAL;scheduled;toma con tabla personalizada de configuraciones;CONFIG 11 - B7F_AVG4_ADC8192;296.901257;65136;116962;35.79;2454;127;127;4;100;411;8192;50;0;confirmada;2026-06-01T13:35:05.845
SIN_CROTAL;scheduled;toma con tabla personalizada de configuraciones;CONFIG 11 - B7F_AVG4_ADC8192;296.981434;65160;116901;35.68;2450;127;127;4;100;411;8192;50;0;confirmada;2026-06-01T13:35:05.928
SIN_CROTAL;scheduled;toma con tabla personalizada de configuraciones;CONFIG 11 - B7F_AVG4_ADC8192;297.101794;65180;116835;36.13;2466;127;127;4;100;411;8192;50;0;confirmada;2026-06-01T13:35:06.072
SIN_CROTAL;scheduled;toma con tabla personalizada de configuraciones;CONFIG 11 - B7F_AVG4_ADC8192;297.182631;65191;116841;35.37;2439;127;127;4;100;411;8192;50;0;confirmada;2026-06-01T13:35:06.167
SIN_CROTAL;scheduled;toma con tabla personalizada de configuraciones;CONFIG 11 - B7F_AVG4_ADC8192;297.302333;65228;116844;36.16;2467;127;127;4;100;411;8192;50;0;confirmada;2026-06-01T13:35:06.263
SIN_CROTAL;scheduled;toma con tabla personalizada de configuraciones;CONFIG 11 - B7F_AVG4_ADC8192;297.382466;65245;116832;36.13;2466;127;127;4;100;411;8192;50;0;confirmada;2026-06-01T13:35:06.349
SIN_CROTAL;scheduled;toma con tabla personalizada de configuraciones;CONFIG 11 - B7F_AVG4_ADC8192;297.503026;65261;116837;35.93;2459;127;127;4;100;411;8192;50;0;confirmada;2026-06-01T13:35:06.454
SIN_CROTAL;scheduled;toma con tabla personalizada de configuraciones;CONFIG 11 - B7F_AVG4_ADC8192;297.583216;65271;116846;36.70;2486;127;127;4;100;411;8192;50;0;confirmada;2026-06-01T13:35:06.550
SIN_CROTAL;scheduled;toma con tabla personalizada de configuraciones;CONFIG 11 - B7F_AVG4_ADC8192;297.703658;65323;116935;36.33;2473;127;127;4;100;411;8192;50;0;confirmada;2026-06-01T13:35:06.677
SIN_CROTAL;scheduled;toma con tabla personalizada de configuraciones;CONFIG 11 - B7F_AVG4_ADC8192;297.784434;65365;116929;36.19;2468;127;127;4;100;411;8192;50;0;confirmada;2026-06-01T13:35:06.723
SIN_CROTAL;scheduled;toma con tabla personalizada de configuraciones;CONFIG 11 - B7F_AVG4_ADC8192;297.904353;65382;116952;37.10;2500;127;127;4;100;411;8192;50;0;confirmada;2026-06-01T13:35:06.868
SIN_CROTAL;scheduled;toma con tabla personalizada de configuraciones;CONFIG 11 - B7F_AVG4_ADC8192;297.984452;65386;117004;36.47;2478;127;127;4;100;411;8192;50;0;confirmada;2026-06-01T13:35:06.964
SIN_CROTAL;scheduled;toma con tabla personalizada de configuraciones;CONFIG 11 - B7F_AVG4_ADC8192;298.104931;65433;117049;36.59;2482;127;127;4;100;411;8192;50;0;confirmada;2026-06-01T13:35:07.059
SIN_CROTAL;scheduled;toma con tabla personalizada de configuraciones;CONFIG 11 - B7F_AVG4_ADC8192;298.184669;65410;117049;36.24;2470;127;127;4;100;411;8192;50;0;confirmada;2026-06-01T13:35:07.156
SIN_CROTAL;scheduled;toma con tabla personalizada de configuraciones;CONFIG 11 - B7F_AVG4_ADC8192;298.305494;65428;117072;35.73;2452;127;127;4;100;411;8192;50;0;confirmada;2026-06-01T13:35:07.250
SIN_CROTAL;scheduled;toma con tabla personalizada de configuraciones;CONFIG 11 - B7F_AVG4_ADC8192;298.385306;65442;117076;36.05;2463;127;127;4;100;411;8192;50;0;confirmada;2026-06-01T13:35:07.338
SIN_CROTAL;scheduled;toma con tabla personalizada de configuraciones;CONFIG 11 - B7F_AVG4_ADC8192;298.506108;65474;117133;36.27;2471;127;127;4;100;411;8192;50;0;confirmada;2026-06-01T13:35:07.473
SIN_CROTAL;scheduled;toma con tabla personalizada de configuraciones;CONFIG 11 - B7F_AVG4_ADC8192;298.586333;65495;117160;36.19;2468;127;127;4;100;411;8192;50;0;confirmada;2026-06-01T13:35:07.569
SIN_CROTAL;scheduled;toma con tabla personalizada de configuraciones;CONFIG 11 - B7F_AVG4_ADC8192;298.706797;65492;117144;36.44;2477;127;127;4;100;411;8192;50;0;confirmada;2026-06-01T13:35:07.664
SIN_CROTAL;scheduled;toma con tabla personalizada de configuraciones;CONFIG 11 - B7F_AVG4_ADC8192;298.786634;65490;117168;36.73;2487;127;127;4;100;411;8192;50;0;confirmada;2026-06-01T13:35:07.760
SIN_CROTAL;scheduled;toma con tabla personalizada de configuraciones;CONFIG 11 - B7F_AVG4_ADC8192;298.907363;65501;117177;36.79;2489;127;127;4;100;411;8192;50;0;confirmada;2026-06-01T13:35:07.857
SIN_CROTAL;scheduled;toma con tabla personalizada de configuraciones;CONFIG 11 - B7F_AVG4_ADC8192;298.987453;65498;117172;36.39;2475;127;127;4;100;411;8192;50;0;confirmada;2026-06-01T13:35:07.952
SIN_CROTAL;scheduled;toma con tabla personalizada de configuraciones;CONFIG 11 - B7F_AVG4_ADC8192;299.108091;65500;117159;35.71;2451;127;127;4;100;411;8192;50;0;confirmada;2026-06-01T13:35:08.094
SIN_CROTAL;scheduled;toma con tabla personalizada de configuraciones;CONFIG 11 - B7F_AVG4_ADC8192;299.188259;65492;117146;36.27;2471;127;127;4;100;411;8192;50;0;confirmada;2026-06-01T13:35:08.142
SIN_CROTAL;scheduled;toma con tabla personalizada de configuraciones;CONFIG 11 - B7F_AVG4_ADC8192;299.308657;65485;117118;36.96;2495;127;127;4;100;411;8192;50;0;confirmada;2026-06-01T13:35:08.271
SIN_CROTAL;scheduled;toma con tabla personalizada de configuraciones;CONFIG 11 - B7F_AVG4_ADC8192;299.389316;65481;117101;35.62;2448;127;127;4;100;411;8192;50;0;confirmada;2026-06-01T13:35:08.365
SIN_CROTAL;scheduled;toma con tabla personalizada de configuraciones;CONFIG 11 - B7F_AVG4_ADC8192;299.509285;65474;117116;36.61;2483;127;127;4;100;411;8192;50;0;confirmada;2026-06-01T13:35:08.460
SIN_CROTAL;scheduled;toma con tabla personalizada de configuraciones;CONFIG 11 - B7F_AVG4_ADC8192;299.589427;65488;117081;36.61;2483;127;127;4;100;411;8192;50;0;confirmada;2026-06-01T13:35:08.556
SIN_CROTAL;scheduled;toma con tabla personalizada de configuraciones;CONFIG 11 - B7F_AVG4_ADC8192;299.709929;65474;117036;36.53;2480;127;127;4;100;411;8192;50;0;confirmada;2026-06-01T13:35:08.650
SIN_CROTAL;scheduled;toma con tabla personalizada de configuraciones;CONFIG 11 - B7F_AVG4_ADC8192;299.790420;65457;117010;36.53;2480;127;127;4;100;411;8192;50;0;confirmada;2026-06-01T13:35:08.750
SIN_CROTAL;scheduled;toma con tabla personalizada de configuraciones;CONFIG 11 - B7F_AVG4_ADC8192;299.910595;65444;116976;35.76;2453;127;127;4;100;411;8192;50;0;confirmada;2026-06-01T13:35:08.892
SIN_CROTAL;scheduled;toma con tabla personalizada de configuraciones;CONFIG 11 - B7F_AVG4_ADC8192;299.990890;65438;116950;36.67;2485;127;127;4;100;411;8192;50;0;confirmada;2026-06-01T13:35:08.937
SIN_CROTAL;scheduled;toma con tabla personalizada de configuraciones;CONFIG 11 - B7F_AVG4_ADC8192;300.111221;65423;116891;36.44;2477;127;127;4;100;411;8192;50;0;confirmada;2026-06-01T13:35:09.081
SIN_CROTAL;scheduled;toma con tabla personalizada de configuraciones;CONFIG 11 - B7F_AVG4_ADC8192;300.191519;65408;116871;36.82;2490;127;127;4;100;411;8192;50;0;confirmada;2026-06-01T13:35:09.182
SIN_CROTAL;scheduled;toma con tabla personalizada de configuraciones;CONFIG 11 - B7F_AVG4_ADC8192;300.311790;65385;116816;35.73;2452;127;127;4;100;411;8192;50;0;confirmada;2026-06-01T13:35:09.272
SIN_CROTAL;scheduled;toma con tabla personalizada de configuraciones;CONFIG 11 - B7F_AVG4_ADC8192;300.392478;65390;116774;36.16;2467;127;127;4;100;411;8192;50;0;confirmada;2026-06-01T13:35:09.367
SIN_CROTAL;scheduled;toma con tabla personalizada de configuraciones;CONFIG 11 - B7F_AVG4_ADC8192;300.512519;65389;116771;36.27;2471;127;127;4;100;411;8192;50;0;confirmada;2026-06-01T13:35:09.463
SIN_CROTAL;scheduled;toma con tabla personalizada de configuraciones;CONFIG 11 - B7F_AVG4_ADC8192;300.592788;65385;116741;36.07;2464;127;127;4;100;411;8192;50;0;confirmada;2026-06-01T13:35:09.558
SIN_CROTAL;scheduled;toma con tabla personalizada de configuraciones;CONFIG 11 - B7F_AVG4_ADC8192;300.713151;65373;116674;36.36;2474;127;127;4;100;411;8192;50;0;confirmada;2026-06-01T13:35:09.653
SIN_CROTAL;scheduled;toma con tabla personalizada de configuraciones;CONFIG 11 - B7F_AVG4_ADC8192;300.793447;65357;116652;35.73;2452;127;127;4;100;411;8192;50;0;confirmada;2026-06-01T13:35:09.748
SIN_CROTAL;scheduled;toma con tabla personalizada de configuraciones;CONFIG 11 - B7F_AVG4_ADC8192;300.913617;65353;116632;36.07;2464;127;127;4;100;411;8192;50;0;confirmada;2026-06-01T13:35:09.892
SIN_CROTAL;scheduled;toma con tabla personalizada de configuraciones;CONFIG 11 - B7F_AVG4_ADC8192;300.994545;65339;116585;36.42;2476;127;127;4;100;411;8192;50;0;confirmada;2026-06-01T13:35:09.941
SIN_CROTAL;scheduled;toma con tabla personalizada de configuraciones;CONFIG 11 - B7F_AVG4_ADC8192;301.114313;65333;116566;36.22;2469;127;127;4;100;411;8192;50;0;confirmada;2026-06-01T13:35:10.068
SIN_CROTAL;scheduled;toma con tabla personalizada de configuraciones;CONFIG 11 - B7F_AVG4_ADC8192;301.195178;65332;116588;35.65;2449;127;127;4;100;411;8192;50;0;confirmada;2026-06-01T13:35:10.163
SIN_CROTAL;scheduled;toma con tabla personalizada de configuraciones;CONFIG 11 - B7F_AVG4_ADC8192;301.315022;65344;116528;35.57;2446;127;127;4;100;411;8192;50;0;confirmada;2026-06-01T13:35:10.259
SIN_CROTAL;scheduled;toma con tabla personalizada de configuraciones;CONFIG 11 - B7F_AVG4_ADC8192;301.394890;65337;116505;35.96;2460;127;127;4;100;411;8192;50;0;confirmada;2026-06-01T13:35:10.356
SIN_CROTAL;scheduled;toma con tabla personalizada de configuraciones;CONFIG 11 - B7F_AVG4_ADC8192;301.515572;65323;116471;36.16;2467;127;127;4;100;411;8192;50;0;confirmada;2026-06-01T13:35:10.499
SIN_CROTAL;scheduled;toma con tabla personalizada de configuraciones;CONFIG 11 - B7F_AVG4_ADC8192;301.595692;65322;116452;35.31;2437;127;127;4;100;411;8192;50;0;confirmada;2026-06-01T13:35:10.547
SIN_CROTAL;scheduled;toma con tabla personalizada de configuraciones;CONFIG 11 - B7F_AVG4_ADC8192;301.716153;65308;116428;36.76;2488;127;127;4;100;411;8192;50;0;confirmada;2026-06-01T13:35:10.690
SIN_CROTAL;scheduled;toma con tabla personalizada de configuraciones;CONFIG 11 - B7F_AVG4_ADC8192;301.796287;65308;116402;35.93;2459;127;127;4;100;411;8192;50;0;confirmada;2026-06-01T13:35:10.741
SIN_CROTAL;scheduled;toma con tabla personalizada de configuraciones;CONFIG 11 - B7F_AVG4_ADC8192;301.916796;65292;116389;36.76;2488;127;127;4;100;411;8192;50;0;confirmada;2026-06-01T13:35:10.863
SIN_CROTAL;scheduled;toma con tabla personalizada de configuraciones;CONFIG 11 - B7F_AVG4_ADC8192;301.996862;65304;116384;36.47;2478;127;127;4;100;411;8192;50;0;confirmada;2026-06-01T13:35:10.959
SIN_CROTAL;scheduled;toma con tabla personalizada de configuraciones;CONFIG 11 - B7F_AVG4_ADC8192;302.117480;65301;116369;36.47;2478;127;127;4;100;411;8192;50;0;confirmada;2026-06-01T13:35:11.102
SIN_CROTAL;scheduled;toma con tabla personalizada de configuraciones;CONFIG 11 - B7F_AVG4_ADC8192;302.198162;65293;116339;36.07;2464;127;127;4;100;411;8192;50;0;confirmada;2026-06-01T13:35:11.154
SIN_CROTAL;scheduled;toma con tabla personalizada de configuraciones;CONFIG 11 - B7F_AVG4_ADC8192;302.317874;65270;116332;35.90;2458;127;127;4;100;411;8192;50;0;confirmada;2026-06-01T13:35:11.293
SIN_CROTAL;scheduled;toma con tabla personalizada de configuraciones;CONFIG 11 - B7F_AVG4_ADC8192;302.398753;65270;116376;36.24;2470;127;127;4;100;411;8192;50;0;confirmada;2026-06-01T13:35:11.341
SIN_CROTAL;scheduled;toma con tabla personalizada de configuraciones;CONFIG 11 - B7F_AVG4_ADC8192;302.518671;65261;116436;36.61;2483;127;127;4;100;411;8192;50;0;confirmada;2026-06-01T13:35:11.485
SIN_CROTAL;scheduled;toma con tabla personalizada de configuraciones;CONFIG 11 - B7F_AVG4_ADC8192;302.598689;65262;116489;36.59;2482;127;127;4;100;411;8192;50;0;confirmada;2026-06-01T13:35:11.579
SIN_CROTAL;scheduled;toma con tabla personalizada de configuraciones;CONFIG 11 - B7F_AVG4_ADC8192;302.719282;65261;116622;35.79;2454;127;127;4;100;411;8192;50;0;confirmada;2026-06-01T13:35:11.677
SIN_CROTAL;scheduled;toma con tabla personalizada de configuraciones;CONFIG 11 - B7F_AVG4_ADC8192;302.799431;65263;116751;36.27;2471;127;127;4;100;411;8192;50;0;confirmada;2026-06-01T13:35:11.772
SIN_CROTAL;scheduled;toma con tabla personalizada de configuraciones;CONFIG 11 - B7F_AVG4_ADC8192;302.919934;65307;116972;36.10;2465;127;127;4;100;411;8192;50;0;confirmada;2026-06-01T13:35:11.872
SIN_CROTAL;scheduled;toma con tabla personalizada de configuraciones;CONFIG 11 - B7F_AVG4_ADC8192;303.000178;65317;117136;35.99;2461;127;127;4;100;411;8192;50;0;confirmada;2026-06-01T13:35:11.965
SIN_CROTAL;scheduled;toma con tabla personalizada de configuraciones;CONFIG 11 - B7F_AVG4_ADC8192;303.120456;65321;117343;36.50;2479;127;127;4;100;411;8192;50;0;confirmada;2026-06-01T13:35:12.060
SIN_CROTAL;scheduled;toma con tabla personalizada de configuraciones;CONFIG 11 - B7F_AVG4_ADC8192;303.200455;65320;117502;36.44;2477;127;127;4;100;411;8192;50;0;confirmada;2026-06-01T13:35:12.155
SIN_CROTAL;scheduled;toma con tabla personalizada de configuraciones;CONFIG 11 - B7F_AVG4_ADC8192;303.321125;65324;117730;36.87;2492;127;127;4;100;411;8192;50;0;confirmada;2026-06-01T13:35:12.306
SIN_CROTAL;scheduled;toma con tabla personalizada de configuraciones;CONFIG 11 - B7F_AVG4_ADC8192;303.401170;65325;117857;35.68;2450;127;127;4;100;411;8192;50;0;confirmada;2026-06-01T13:35:12.380
SIN_CROTAL;scheduled;toma con tabla personalizada de configuraciones;CONFIG 11 - B7F_AVG4_ADC8192;303.521589;65313;118073;35.88;2457;127;127;4;100;411;8192;50;0;confirmada;2026-06-01T13:35:12.476
SIN_CROTAL;scheduled;toma con tabla personalizada de configuraciones;CONFIG 11 - B7F_AVG4_ADC8192;303.602406;65305;118177;36.30;2472;127;127;4;100;411;8192;50;0;confirmada;2026-06-01T13:35:12.571
SIN_CROTAL;scheduled;toma con tabla personalizada de configuraciones;CONFIG 11 - B7F_AVG4_ADC8192;303.722339;65313;118404;36.56;2481;127;127;4;100;411;8192;50;0;confirmada;2026-06-01T13:35:12.668
SIN_CROTAL;scheduled;toma con tabla personalizada de configuraciones;CONFIG 11 - B7F_AVG4_ADC8192;303.802247;65320;118481;36.76;2488;127;127;4;100;411;8192;50;0;confirmada;2026-06-01T13:35:12.763
SIN_CROTAL;scheduled;toma con tabla personalizada de configuraciones;CONFIG 11 - B7F_AVG4_ADC8192;303.922820;65298;118586;36.13;2466;127;127;4;100;411;8192;50;0;confirmada;2026-06-01T13:35:12.906
SIN_CROTAL;scheduled;toma con tabla personalizada de configuraciones;CONFIG 11 - B7F_AVG4_ADC8192;304.003571;65278;118659;33.37;2367;127;127;4;100;411;8192;50;0;confirmada;2026-06-01T13:35:12.954
SIN_CROTAL;scheduled;toma con tabla personalizada de configuraciones;CONFIG 11 - B7F_AVG4_ADC8192;304.123434;65257;118765;36.67;2485;127;127;4;100;411;8192;50;0;confirmada;2026-06-01T13:35:13.097
SIN_CROTAL;scheduled;toma con tabla personalizada de configuraciones;CONFIG 11 - B7F_AVG4_ADC8192;304.204156;65242;118763;36.22;2469;127;127;4;100;411;8192;50;0;confirmada;2026-06-01T13:35:13.145
SIN_CROTAL;scheduled;toma con tabla personalizada de configuraciones;CONFIG 11 - B7F_AVG4_ADC8192;304.324055;65203;118850;37.07;2499;127;127;4;100;411;8192;50;0;confirmada;2026-06-01T13:35:13.272
SIN_CROTAL;scheduled;toma con tabla personalizada de configuraciones;CONFIG 11 - B7F_AVG4_ADC8192;304.404281;65197;118891;35.57;2446;127;127;4;100;411;8192;50;0;confirmada;2026-06-01T13:35:13.368
SIN_CROTAL;scheduled;toma con tabla personalizada de configuraciones;CONFIG 11 - B7F_AVG4_ADC8192;304.524598;65175;118918;36.39;2475;127;127;4;100;411;8192;50;0;confirmada;2026-06-01T13:35:13.511
SIN_CROTAL;scheduled;toma con tabla personalizada de configuraciones;CONFIG 11 - B7F_AVG4_ADC8192;304.604304;65163;118830;36.44;2477;127;127;4;100;411;8192;50;0;confirmada;2026-06-01T13:35:13.559
SIN_CROTAL;scheduled;toma con tabla personalizada de configuraciones;CONFIG 11 - B7F_AVG4_ADC8192;304.725196;65091;118782;36.24;2470;127;127;4;100;411;8192;50;0;confirmada;2026-06-01T13:35:13.705
SIN_CROTAL;scheduled;toma con tabla personalizada de configuraciones;CONFIG 11 - B7F_AVG4_ADC8192;304.805045;65058;118787;36.44;2477;127;127;4;100;411;8192;50;0;confirmada;2026-06-01T13:35:13.749
SIN_CROTAL;scheduled;toma con tabla personalizada de configuraciones;CONFIG 11 - B7F_AVG4_ADC8192;304.925881;65017;118708;35.65;2449;127;127;4;100;411;8192;50;0;confirmada;2026-06-01T13:35:13.893
SIN_CROTAL;scheduled;toma con tabla personalizada de configuraciones;CONFIG 11 - B7F_AVG4_ADC8192;305.006172;64995;118654;36.47;2478;127;127;4;100;411;8192;50;0;confirmada;2026-06-01T13:35:13.989
SIN_CROTAL;scheduled;toma con tabla personalizada de configuraciones;CONFIG 11 - B7F_AVG4_ADC8192;305.126425;64968;118694;36.42;2476;127;127;4;100;411;8192;50;0;confirmada;2026-06-01T13:35:14.086
SIN_CROTAL;scheduled;toma con tabla personalizada de configuraciones;CONFIG 11 - B7F_AVG4_ADC8192;305.207024;64981;118571;35.54;2445;127;127;4;100;411;8192;50;0;confirmada;2026-06-01T13:35:14.180
SIN_CROTAL;scheduled;toma con tabla personalizada de configuraciones;CONFIG 11 - B7F_AVG4_ADC8192;305.326966;64954;118483;36.05;2463;127;127;4;100;411;8192;50;0;confirmada;2026-06-01T13:35:14.276
SIN_CROTAL;scheduled;toma con tabla personalizada de configuraciones;CONFIG 11 - B7F_AVG4_ADC8192;305.407101;64916;118363;36.13;2466;127;127;4;100;411;8192;50;0;confirmada;2026-06-01T13:35:14.371
SIN_CROTAL;scheduled;toma con tabla personalizada de configuraciones;CONFIG 11 - B7F_AVG4_ADC8192;305.527631;64875;118208;35.65;2449;127;127;4;100;411;8192;50;0;confirmada;2026-06-01T13:35:14.467
SIN_CROTAL;scheduled;toma con tabla personalizada de configuraciones;CONFIG 11 - B7F_AVG4_ADC8192;305.607594;64841;118095;36.47;2478;127;127;4;100;411;8192;50;0;confirmada;2026-06-01T13:35:14.564
SIN_CROTAL;scheduled;toma con tabla personalizada de configuraciones;CONFIG 11 - B7F_AVG4_ADC8192;305.728087;64801;117914;36.50;2479;127;127;4;100;411;8192;50;0;confirmada;2026-06-01T13:35:14.692
SIN_CROTAL;scheduled;toma con tabla personalizada de configuraciones;CONFIG 11 - B7F_AVG4_ADC8192;305.808289;64777;117806;36.22;2469;127;127;4;100;411;8192;50;0;confirmada;2026-06-01T13:35:14.786
SIN_CROTAL;scheduled;toma con tabla personalizada de configuraciones;CONFIG 11 - B7F_AVG4_ADC8192;305.928758;64776;117613;34.42;2405;127;127;4;100;411;8192;50;0;confirmada;2026-06-01T13:35:14.881
SIN_CROTAL;scheduled;toma con tabla personalizada de configuraciones;CONFIG 11 - B7F_AVG4_ADC8192;306.008849;64781;117411;36.50;2479;127;127;4;100;411;8192;50;0;confirmada;2026-06-01T13:35:14.981
SIN_CROTAL;scheduled;toma con tabla personalizada de configuraciones;CONFIG 11 - B7F_AVG4_ADC8192;306.129311;64742;117245;35.96;2460;127;127;4;100;411;8192;50;0;confirmada;2026-06-01T13:35:15.072
SIN_CROTAL;scheduled;toma con tabla personalizada de configuraciones;CONFIG 11 - B7F_AVG4_ADC8192;306.209866;64731;117167;36.10;2465;127;127;4;100;411;8192;50;0;confirmada;2026-06-01T13:35:15.167
SIN_CROTAL;scheduled;toma con tabla personalizada de configuraciones;CONFIG 11 - B7F_AVG4_ADC8192;306.330065;64840;117139;36.50;2479;127;127;4;100;411;8192;50;0;confirmada;2026-06-01T13:35:15.311
SIN_CROTAL;scheduled;toma con tabla personalizada de configuraciones;CONFIG 11 - B7F_AVG4_ADC8192;306.410354;64812;117053;36.50;2479;127;127;4;100;411;8192;50;0;confirmada;2026-06-01T13:35:15.360
SIN_CROTAL;scheduled;toma con tabla personalizada de configuraciones;CONFIG 11 - B7F_AVG4_ADC8192;306.530582;64832;116926;36.87;2492;127;127;4;100;411;8192;50;0;confirmada;2026-06-01T13:35:15.503
SIN_CROTAL;scheduled;toma con tabla personalizada de configuraciones;CONFIG 11 - B7F_AVG4_ADC8192;306.610436;64848;116875;36.61;2483;127;127;4;100;411;8192;50;0;confirmada;2026-06-01T13:35:15.597
SIN_CROTAL;scheduled;toma con tabla personalizada de configuraciones;CONFIG 11 - B7F_AVG4_ADC8192;306.731225;64842;116786;35.96;2460;127;127;4;100;411;8192;50;0;confirmada;2026-06-01T13:35:15.675
SIN_CROTAL;scheduled;toma con tabla personalizada de configuraciones;CONFIG 11 - B7F_AVG4_ADC8192;306.811383;64886;116814;36.27;2471;127;127;4;100;411;8192;50;0;confirmada;2026-06-01T13:35:15.772
SIN_CROTAL;scheduled;toma con tabla personalizada de configuraciones;CONFIG 11 - B7F_AVG4_ADC8192;306.931863;64948;116767;36.36;2474;127;127;4;100;411;8192;50;0;confirmada;2026-06-01T13:35:15.917
SIN_CROTAL;scheduled;toma con tabla personalizada de configuraciones;CONFIG 11 - B7F_AVG4_ADC8192;307.012546;64983;116755;36.05;2463;127;127;4;100;411;8192;50;0;confirmada;2026-06-01T13:35:15.963
SIN_CROTAL;scheduled;toma con tabla personalizada de configuraciones;CONFIG 11 - B7F_AVG4_ADC8192;307.132446;65010;116734;36.50;2479;127;127;4;100;411;8192;50;0;confirmada;2026-06-01T13:35:16.107
SIN_CROTAL;scheduled;toma con tabla personalizada de configuraciones;CONFIG 11 - B7F_AVG4_ADC8192;307.212265;65040;116756;36.05;2463;127;127;4;100;411;8192;50;0;confirmada;2026-06-01T13:35:16.155
SIN_CROTAL;scheduled;toma con tabla personalizada de configuraciones;CONFIG 11 - B7F_AVG4_ADC8192;307.333024;65076;116759;35.99;2461;127;127;4;100;411;8192;50;0;confirmada;2026-06-01T13:35:16.298
SIN_CROTAL;scheduled;toma con tabla personalizada de configuraciones;CONFIG 11 - B7F_AVG4_ADC8192;307.413853;65096;116786;36.79;2489;127;127;4;100;411;8192;50;0;confirmada;2026-06-01T13:35:16.391
SIN_CROTAL;scheduled;toma con tabla personalizada de configuraciones;CONFIG 11 - B7F_AVG4_ADC8192;307.533732;65137;116860;36.10;2465;127;127;4;100;411;8192;50;0;confirmada;2026-06-01T13:35:16.489
SIN_CROTAL;scheduled;toma con tabla personalizada de configuraciones;CONFIG 11 - B7F_AVG4_ADC8192;307.613893;65169;116923;36.76;2488;127;127;4;100;411;8192;50;0;confirmada;2026-06-01T13:35:16.585
SIN_CROTAL;scheduled;toma con tabla personalizada de configuraciones;CONFIG 11 - B7F_AVG4_ADC8192;307.734205;65261;117012;36.33;2473;127;127;4;100;411;8192;50;0;confirmada;2026-06-01T13:35:16.681
SIN_CROTAL;scheduled;toma con tabla personalizada de configuraciones;CONFIG 11 - B7F_AVG4_ADC8192;307.814464;65301;117056;36.13;2466;127;127;4;100;411;8192;50;0;confirmada;2026-06-01T13:35:16.777
SIN_CROTAL;scheduled;toma con tabla personalizada de configuraciones;CONFIG 11 - B7F_AVG4_ADC8192;307.934981;65337;117098;36.39;2475;127;127;4;100;411;8192;50;0;confirmada;2026-06-01T13:35:16.921
SIN_CROTAL;scheduled;toma con tabla personalizada de configuraciones;CONFIG 11 - B7F_AVG4_ADC8192;308.015664;65360;117132;36.53;2480;127;127;4;100;411;8192;50;0;confirmada;2026-06-01T13:35:16.969
SIN_CROTAL;scheduled;toma con tabla personalizada de configuraciones;CONFIG 11 - B7F_AVG4_ADC8192;308.135455;65396;117169;36.76;2488;127;127;4;100;411;8192;50;0;confirmada;2026-06-01T13:35:17.114
SIN_CROTAL;scheduled;toma con tabla personalizada de configuraciones;CONFIG 11 - B7F_AVG4_ADC8192;308.215364;65404;117202;36.76;2488;127;127;4;100;411;8192;50;0;confirmada;2026-06-01T13:35:17.160
SIN_CROTAL;scheduled;toma con tabla personalizada de configuraciones;CONFIG 11 - B7F_AVG4_ADC8192;308.336192;65426;117281;36.44;2477;127;127;4;100;411;8192;50;0;confirmada;2026-06-01T13:35:17.287
SIN_CROTAL;scheduled;toma con tabla personalizada de configuraciones;CONFIG 11 - B7F_AVG4_ADC8192;308.416692;65470;117320;35.62;2448;127;127;4;100;411;8192;50;0;confirmada;2026-06-01T13:35:17.387
SIN_CROTAL;scheduled;toma con tabla personalizada de configuraciones;CONFIG 11 - B7F_AVG4_ADC8192;308.536633;65509;117412;36.42;2476;127;127;4;100;411;8192;50;0;confirmada;2026-06-01T13:35:17.478
SIN_CROTAL;scheduled;toma con tabla personalizada de configuraciones;CONFIG 11 - B7F_AVG4_ADC8192;308.617172;65542;117420;36.70;2486;127;127;4;100;411;8192;50;0;confirmada;2026-06-01T13:35:17.573
SIN_CROTAL;scheduled;toma con tabla personalizada de configuraciones;CONFIG 11 - B7F_AVG4_ADC8192;308.737260;65556;117451;35.73;2452;127;127;4;100;411;8192;50;0;confirmada;2026-06-01T13:35:17.717
SIN_CROTAL;scheduled;toma con tabla personalizada de configuraciones;CONFIG 11 - B7F_AVG4_ADC8192;308.817484;65573;117486;36.22;2469;127;127;4;100;411;8192;50;0;confirmada;2026-06-01T13:35:17.764
SIN_CROTAL;scheduled;toma con tabla personalizada de configuraciones;CONFIG 11 - B7F_AVG4_ADC8192;308.937902;65594;117472;35.68;2450;127;127;4;100;411;8192;50;0;confirmada;2026-06-01T13:35:17.907
SIN_CROTAL;scheduled;toma con tabla personalizada de configuraciones;CONFIG 11 - B7F_AVG4_ADC8192;309.017963;65589;117477;36.39;2475;127;127;4;100;411;8192;50;0;confirmada;2026-06-01T13:35:18.003
SIN_CROTAL;scheduled;toma con tabla personalizada de configuraciones;CONFIG 11 - B7F_AVG4_ADC8192;309.138536;65625;117547;36.44;2477;127;127;4;100;411;8192;50;0;confirmada;2026-06-01T13:35:18.097
SIN_CROTAL;scheduled;toma con tabla personalizada de configuraciones;CONFIG 11 - B7F_AVG4_ADC8192;309.218673;65652;117554;36.70;2486;127;127;4;100;411;8192;50;0;confirmada;2026-06-01T13:35:18.194
SIN_CROTAL;scheduled;toma con tabla personalizada de configuraciones;CONFIG 11 - B7F_AVG4_ADC8192;309.339186;65673;117561;36.16;2467;127;127;4;100;411;8192;50;0;confirmada;2026-06-01T13:35:18.290
SIN_CROTAL;scheduled;toma con tabla personalizada de configuraciones;CONFIG 11 - B7F_AVG4_ADC8192;309.419293;65682;117589;36.73;2487;127;127;4;100;411;8192;50;0;confirmada;2026-06-01T13:35:18.385
SIN_CROTAL;scheduled;toma con tabla personalizada de configuraciones;CONFIG 11 - B7F_AVG4_ADC8192;309.539788;65674;117579;36.56;2481;127;127;4;100;411;8192;50;0;confirmada;2026-06-01T13:35:18.482
SIN_CROTAL;scheduled;toma con tabla personalizada de configuraciones;CONFIG 11 - B7F_AVG4_ADC8192;309.620139;65676;117577;36.59;2482;127;127;4;100;411;8192;50;0;confirmada;2026-06-01T13:35:18.577
SIN_CROTAL;scheduled;toma con tabla personalizada de configuraciones;CONFIG 11 - B7F_AVG4_ADC8192;309.740425;65663;117546;36.56;2481;127;127;4;100;411;8192;50;0;confirmada;2026-06-01T13:35:18.720
SIN_CROTAL;scheduled;toma con tabla personalizada de configuraciones;CONFIG 11 - B7F_AVG4_ADC8192;309.820692;65665;117535;35.54;2445;127;127;4;100;411;8192;50;0;confirmada;2026-06-01T13:35:18.767
SIN_CROTAL;scheduled;toma con tabla personalizada de configuraciones;CONFIG 11 - B7F_AVG4_ADC8192;309.940855;65653;117525;35.65;2449;127;127;4;100;411;8192;50;0;confirmada;2026-06-01T13:35:18.895
SIN_CROTAL;scheduled;toma con tabla personalizada de configuraciones;CONFIG 11 - B7F_AVG4_ADC8192;310.021451;65636;117490;36.47;2478;127;127;4;100;411;8192;50;0;confirmada;2026-06-01T13:35:18.991
SIN_CROTAL;scheduled;toma con tabla personalizada de configuraciones;CONFIG 11 - B7F_AVG4_ADC8192;310.141506;65629;117469;36.59;2482;127;127;4;100;411;8192;50;0;confirmada;2026-06-01T13:35:19.087
SIN_CROTAL;scheduled;toma con tabla personalizada de configuraciones;CONFIG 11 - B7F_AVG4_ADC8192;310.221588;65632;117467;36.79;2489;127;127;4;100;411;8192;50;0;confirmada;2026-06-01T13:35:19.183
SIN_CROTAL;scheduled;toma con tabla personalizada de configuraciones;CONFIG 11 - B7F_AVG4_ADC8192;310.342315;65627;117423;35.59;2447;127;127;4;100;411;8192;50;0;confirmada;2026-06-01T13:35:19.327
SIN_CROTAL;scheduled;toma con tabla personalizada de configuraciones;CONFIG 11 - B7F_AVG4_ADC8192;310.421992;65623;117404;36.73;2487;127;127;4;100;411;8192;50;0;confirmada;2026-06-01T13:35:19.373
SIN_CROTAL;scheduled;toma con tabla personalizada de configuraciones;CONFIG 11 - B7F_AVG4_ADC8192;310.542936;65602;117360;36.22;2469;127;127;4;100;411;8192;50;0;confirmada;2026-06-01T13:35:19.517
SIN_CROTAL;scheduled;toma con tabla personalizada de configuraciones;CONFIG 11 - B7F_AVG4_ADC8192;310.622674;65588;117342;35.40;2440;127;127;4;100;411;8192;50;0;confirmada;2026-06-01T13:35:19.566
SIN_CROTAL;scheduled;toma con tabla personalizada de configuraciones;CONFIG 11 - B7F_AVG4_ADC8192;310.743452;65566;117306;36.16;2467;127;127;4;100;411;8192;50;0;confirmada;2026-06-01T13:35:19.693
SIN_CROTAL;scheduled;toma con tabla personalizada de configuraciones;CONFIG 11 - B7F_AVG4_ADC8192;310.823470;65556;117283;36.53;2480;127;127;4;100;411;8192;50;0;confirmada;2026-06-01T13:35:19.788
SIN_CROTAL;scheduled;toma con tabla personalizada de configuraciones;CONFIG 11 - B7F_AVG4_ADC8192;310.944020;65548;117249;35.65;2449;127;127;4;100;411;8192;50;0;confirmada;2026-06-01T13:35:19.930
SIN_CROTAL;scheduled;toma con tabla personalizada de configuraciones;CONFIG 11 - B7F_AVG4_ADC8192;311.024195;65539;117209;36.64;2484;127;127;4;100;411;8192;50;0;confirmada;2026-06-01T13:35:19.979
SIN_CROTAL;scheduled;toma con tabla personalizada de configuraciones;CONFIG 11 - B7F_AVG4_ADC8192;311.144881;65518;117158;36.56;2481;127;127;4;100;411;8192;50;0;confirmada;2026-06-01T13:35:20.122
SIN_CROTAL;scheduled;toma con tabla personalizada de configuraciones;CONFIG 11 - B7F_AVG4_ADC8192;311.225259;65507;117144;36.30;2472;127;127;4;100;411;8192;50;0;confirmada;2026-06-01T13:35:20.170
SIN_CROTAL;scheduled;toma con tabla personalizada de configuraciones;CONFIG 11 - B7F_AVG4_ADC8192;311.345423;65490;117099;36.47;2478;127;127;4;100;411;8192;50;0;confirmada;2026-06-01T13:35:20.313
SIN_CROTAL;scheduled;toma con tabla personalizada de configuraciones;CONFIG 11 - B7F_AVG4_ADC8192;311.425139;65475;117065;36.33;2473;127;127;4;100;411;8192;50;0;confirmada;2026-06-01T13:35:20.408
SIN_CROTAL;scheduled;toma con tabla personalizada de configuraciones;CONFIG 11 - B7F_AVG4_ADC8192;311.546083;65447;117037;36.53;2480;127;127;4;100;411;8192;50;0;confirmada;2026-06-01T13:35:20.511
SIN_CROTAL;scheduled;toma con tabla personalizada de configuraciones;CONFIG 11 - B7F_AVG4_ADC8192;311.626342;65456;116997;36.61;2483;127;127;4;100;411;8192;50;0;confirmada;2026-06-01T13:35:20.581
SIN_CROTAL;scheduled;toma con tabla personalizada de configuraciones;CONFIG 11 - B7F_AVG4_ADC8192;311.746647;65437;116931;35.57;2446;127;127;4;100;411;8192;50;0;confirmada;2026-06-01T13:35:20.724
SIN_CROTAL;scheduled;toma con tabla personalizada de configuraciones;CONFIG 11 - B7F_AVG4_ADC8192;311.826931;65416;116887;36.39;2475;127;127;4;100;411;8192;50;0;confirmada;2026-06-01T13:35:20.772
SIN_CROTAL;scheduled;toma con tabla personalizada de configuraciones;CONFIG 11 - B7F_AVG4_ADC8192;311.947263;65395;116825;35.62;2448;127;127;4;100;411;8192;50;0;confirmada;2026-06-01T13:35:20.915
SIN_CROTAL;scheduled;toma con tabla personalizada de configuraciones;CONFIG 11 - B7F_AVG4_ADC8192;312.027043;65380;116792;32.88;2349;127;127;4;100;411;8192;50;0;confirmada;2026-06-01T13:35:21.011
SIN_CROTAL;scheduled;toma con tabla personalizada de configuraciones;CONFIG 11 - B7F_AVG4_ADC8192;312.147903;65354;116724;35.93;2459;127;127;4;100;411;8192;50;0;confirmada;2026-06-01T13:35:21.107
SIN_CROTAL;scheduled;toma con tabla personalizada de configuraciones;CONFIG 11 - B7F_AVG4_ADC8192;312.228536;65344;116695;36.61;2483;127;127;4;100;411;8192;50;0;confirmada;2026-06-01T13:35:21.201
SIN_CROTAL;scheduled;toma con tabla personalizada de configuraciones;CONFIG 11 - B7F_AVG4_ADC8192;312.348401;65340;116661;35.45;2442;127;127;4;100;411;8192;50;0;confirmada;2026-06-01T13:35:21.297
SIN_CROTAL;scheduled;toma con tabla personalizada de configuraciones;CONFIG 11 - B7F_AVG4_ADC8192;312.428840;65329;116625;36.16;2467;127;127;4;100;411;8192;50;0;confirmada;2026-06-01T13:35:21.392
SIN_CROTAL;scheduled;toma con tabla personalizada de configuraciones;CONFIG 11 - B7F_AVG4_ADC8192;312.549173;65313;116563;37.42;2511;127;127;4;100;411;8192;50;0;confirmada;2026-06-01T13:35:21.519
SIN_CROTAL;scheduled;toma con tabla personalizada de configuraciones;CONFIG 11 - B7F_AVG4_ADC8192;312.629485;65291;116540;36.59;2482;127;127;4;100;411;8192;50;0;confirmada;2026-06-01T13:35:21.616
SIN_CROTAL;scheduled;toma con tabla personalizada de configuraciones;CONFIG 11 - B7F_AVG4_ADC8192;312.749752;65279;116512;35.99;2461;127;127;4;100;411;8192;50;0;confirmada;2026-06-01T13:35:21.712
SIN_CROTAL;scheduled;toma con tabla personalizada de configuraciones;CONFIG 11 - B7F_AVG4_ADC8192;312.829579;65267;116487;36.42;2476;127;127;4;100;411;8192;50;0;confirmada;2026-06-01T13:35:21.806
SIN_CROTAL;scheduled;toma con tabla personalizada de configuraciones;CONFIG 11 - B7F_AVG4_ADC8192;312.950294;65248;116458;36.19;2468;127;127;4;100;411;8192;50;0;confirmada;2026-06-01T13:35:21.906
SIN_CROTAL;scheduled;toma con tabla personalizada de configuraciones;CONFIG 11 - B7F_AVG4_ADC8192;313.030727;65228;116473;36.59;2482;127;127;4;100;411;8192;50;0;confirmada;2026-06-01T13:35:21.997
SIN_CROTAL;scheduled;toma con tabla personalizada de configuraciones;CONFIG 11 - B7F_AVG4_ADC8192;313.151062;65221;116494;36.30;2472;127;127;4;100;411;8192;50;0;confirmada;2026-06-01T13:35:22.093
SIN_CROTAL;scheduled;toma con tabla personalizada de configuraciones;CONFIG 11 - B7F_AVG4_ADC8192;313.230987;65204;116576;35.51;2444;127;127;4;100;411;8192;50;0;confirmada;2026-06-01T13:35:22.183
SIN_CROTAL;scheduled;toma con tabla personalizada de configuraciones;CONFIG 11 - B7F_AVG4_ADC8192;313.351463;65239;116712;35.40;2440;127;127;4;100;411;8192;50;0;confirmada;2026-06-01T13:35:22.332
SIN_CROTAL;scheduled;toma con tabla personalizada de configuraciones;CONFIG 11 - B7F_AVG4_ADC8192;313.431714;65243;116807;36.19;2468;127;127;4;100;411;8192;50;0;confirmada;2026-06-01T13:35:22.382
SIN_CROTAL;scheduled;toma con tabla personalizada de configuraciones;CONFIG 11 - B7F_AVG4_ADC8192;313.552273;65249;117029;36.96;2495;127;127;4;100;411;8192;50;0;confirmada;2026-06-01T13:35:22.525
SIN_CROTAL;scheduled;toma con tabla personalizada de configuraciones;CONFIG 11 - B7F_AVG4_ADC8192;313.632310;65240;117184;36.50;2479;127;127;4;100;411;8192;50;0;confirmada;2026-06-01T13:35:22.572
SIN_CROTAL;scheduled;toma con tabla personalizada de configuraciones;CONFIG 11 - B7F_AVG4_ADC8192;313.752694;65260;117466;36.44;2477;127;127;4;100;411;8192;50;0;confirmada;2026-06-01T13:35:22.715
SIN_CROTAL;scheduled;toma con tabla personalizada de configuraciones;CONFIG 11 - B7F_AVG4_ADC8192;313.832896;65250;117628;36.87;2492;127;127;4;100;411;8192;50;0;confirmada;2026-06-01T13:35:22.812
SIN_CROTAL;scheduled;toma con tabla personalizada de configuraciones;CONFIG 11 - B7F_AVG4_ADC8192;313.953349;65241;117955;36.53;2480;127;127;4;100;411;8192;50;0;confirmada;2026-06-01T13:35:22.908
SIN_CROTAL;scheduled;toma con tabla personalizada de configuraciones;CONFIG 11 - B7F_AVG4_ADC8192;314.034041;65257;118075;36.36;2474;127;127;4;100;411;8192;50;0;confirmada;2026-06-01T13:35:23.007
SIN_CROTAL;scheduled;toma con tabla personalizada de configuraciones;CONFIG 11 - B7F_AVG4_ADC8192;314.153924;65245;118318;36.10;2465;127;127;4;100;411;8192;50;0;confirmada;2026-06-01T13:35:23.097
SIN_CROTAL;scheduled;toma con tabla personalizada de configuraciones;CONFIG 11 - B7F_AVG4_ADC8192;314.234169;65222;118451;36.33;2473;127;127;4;100;411;8192;50;0;confirmada;2026-06-01T13:35:23.193
SIN_CROTAL;scheduled;toma con tabla personalizada de configuraciones;CONFIG 11 - B7F_AVG4_ADC8192;314.354716;65198;118633;36.93;2494;127;127;4;100;411;8192;50;0;confirmada;2026-06-01T13:35:23.337
SIN_CROTAL;scheduled;toma con tabla personalizada de configuraciones;CONFIG 11 - B7F_AVG4_ADC8192;314.434892;65168;118723;36.07;2464;127;127;4;100;411;8192;50;0;confirmada;2026-06-01T13:35:23.384
SIN_CROTAL;scheduled;toma con tabla personalizada de configuraciones;CONFIG 11 - B7F_AVG4_ADC8192;314.555142;65146;118858;37.54;2515;127;127;4;100;411;8192;50;0;confirmada;2026-06-01T13:35:23.528
SIN_CROTAL;scheduled;toma con tabla personalizada de configuraciones;CONFIG 11 - B7F_AVG4_ADC8192;314.635234;65117;118949;36.56;2481;127;127;4;100;411;8192;50;0;confirmada;2026-06-01T13:35:23.575
SIN_CROTAL;scheduled;toma con tabla personalizada de configuraciones;CONFIG 11 - B7F_AVG4_ADC8192;314.755820;65071;119047;35.68;2450;127;127;4;100;411;8192;50;0;confirmada;2026-06-01T13:35:23.715
SIN_CROTAL;scheduled;toma con tabla personalizada de configuraciones;CONFIG 11 - B7F_AVG4_ADC8192;314.836326;65052;119021;36.79;2489;127;127;4;100;411;8192;50;0;confirmada;2026-06-01T13:35:23.815
SIN_CROTAL;scheduled;toma con tabla personalizada de configuraciones;CONFIG 11 - B7F_AVG4_ADC8192;314.956387;65020;119126;36.82;2490;127;127;4;100;411;8192;50;0;confirmada;2026-06-01T13:35:23.943
SIN_CROTAL;scheduled;toma con tabla personalizada de configuraciones;CONFIG 11 - B7F_AVG4_ADC8192;315.037049;64973;119161;36.61;2483;127;127;4;100;411;8192;50;0;confirmada;2026-06-01T13:35:23.989
SIN_CROTAL;scheduled;toma con tabla personalizada de configuraciones;CONFIG 11 - B7F_AVG4_ADC8192;315.156977;64976;119279;37.22;2504;127;127;4;100;411;8192;50;0;confirmada;2026-06-01T13:35:24.133
SIN_CROTAL;scheduled;toma con tabla personalizada de configuraciones;CONFIG 11 - B7F_AVG4_ADC8192;315.237015;64968;119270;35.65;2449;127;127;4;100;411;8192;50;0;confirmada;2026-06-01T13:35:24.182
SIN_CROTAL;scheduled;toma con tabla personalizada de configuraciones;CONFIG 11 - B7F_AVG4_ADC8192;315.357666;64944;119265;36.76;2488;127;127;4;100;411;8192;50;0;confirmada;2026-06-01T13:35:24.326
SIN_CROTAL;scheduled;toma con tabla personalizada de configuraciones;CONFIG 11 - B7F_AVG4_ADC8192;315.437343;64921;119255;36.82;2490;127;127;4;100;411;8192;50;0;confirmada;2026-06-01T13:35:24.417
SIN_CROTAL;scheduled;toma con tabla personalizada de configuraciones;CONFIG 11 - B7F_AVG4_ADC8192;315.558318;64908;119284;36.59;2482;127;127;4;100;411;8192;50;0;confirmada;2026-06-01T13:35:24.516
SIN_CROTAL;scheduled;toma con tabla personalizada de configuraciones;CONFIG 11 - B7F_AVG4_ADC8192;315.638972;64900;119286;35.79;2454;127;127;4;100;411;8192;50;0;confirmada;2026-06-01T13:35:24.612
SIN_CROTAL;scheduled;toma con tabla personalizada de configuraciones;CONFIG 11 - B7F_AVG4_ADC8192;315.758778;64885;119322;36.50;2479;127;127;4;100;411;8192;50;0;confirmada;2026-06-01T13:35:24.707
SIN_CROTAL;scheduled;toma con tabla personalizada de configuraciones;CONFIG 11 - B7F_AVG4_ADC8192;315.838827;64878;119323;36.47;2478;127;127;4;100;411;8192;50;0;confirmada;2026-06-01T13:35:24.804
SIN_CROTAL;scheduled;toma con tabla personalizada de configuraciones;CONFIG 11 - B7F_AVG4_ADC8192;315.959250;64877;119387;36.53;2480;127;127;4;100;411;8192;50;0;confirmada;2026-06-01T13:35:24.900
SIN_CROTAL;scheduled;toma con tabla personalizada de configuraciones;CONFIG 11 - B7F_AVG4_ADC8192;316.039617;64892;119356;36.76;2488;127;127;4;100;411;8192;50;0;confirmada;2026-06-01T13:35:24.995
SIN_CROTAL;scheduled;toma con tabla personalizada de configuraciones;CONFIG 11 - B7F_AVG4_ADC8192;316.160027;64887;119302;35.99;2461;127;127;4;100;411;8192;50;0;confirmada;2026-06-01T13:35:25.138
SIN_CROTAL;scheduled;toma con tabla personalizada de configuraciones;CONFIG 11 - B7F_AVG4_ADC8192;316.240646;64878;119245;36.67;2485;127;127;4;100;411;8192;50;0;confirmada;2026-06-01T13:35:25.187
SIN_CROTAL;scheduled;toma con tabla personalizada de configuraciones;CONFIG 11 - B7F_AVG4_ADC8192;316.360611;64859;119195;36.87;2492;127;127;4;100;411;8192;50;0;confirmada;2026-06-01T13:35:25.330
SIN_CROTAL;scheduled;toma con tabla personalizada de configuraciones;CONFIG 11 - B7F_AVG4_ADC8192;316.440745;64858;119149;35.54;2445;127;127;4;100;411;8192;50;0;confirmada;2026-06-01T13:35:25.425
SIN_CROTAL;scheduled;toma con tabla personalizada de configuraciones;CONFIG 11 - B7F_AVG4_ADC8192;316.561177;64846;119064;35.59;2447;127;127;4;100;411;8192;50;0;confirmada;2026-06-01T13:35:25.521
SIN_CROTAL;scheduled;toma con tabla personalizada de configuraciones;CONFIG 11 - B7F_AVG4_ADC8192;316.640992;64847;119042;36.67;2485;127;127;4;100;411;8192;50;0;confirmada;2026-06-01T13:35:25.617
SIN_CROTAL;scheduled;toma con tabla personalizada de configuraciones;CONFIG 11 - B7F_AVG4_ADC8192;316.761741;64838;118952;36.30;2472;127;127;4;100;411;8192;50;0;confirmada;2026-06-01T13:35:25.712
SIN_CROTAL;scheduled;toma con tabla personalizada de configuraciones;CONFIG 11 - B7F_AVG4_ADC8192;316.841968;64836;118906;36.50;2479;127;127;4;100;411;8192;50;0;confirmada;2026-06-01T13:35:25.809
SIN_CROTAL;scheduled;toma con tabla personalizada de configuraciones;CONFIG 11 - B7F_AVG4_ADC8192;316.962430;64827;118874;35.68;2450;127;127;4;100;411;8192;50;0;confirmada;2026-06-01T13:35:25.904
SIN_CROTAL;scheduled;toma con tabla personalizada de configuraciones;CONFIG 11 - B7F_AVG4_ADC8192;317.042711;64855;118771;35.00;2426;127;127;4;100;411;8192;50;0;confirmada;2026-06-01T13:35:25.998
SIN_CROTAL;scheduled;toma con tabla personalizada de configuraciones;CONFIG 11 - B7F_AVG4_ADC8192;317.163008;64861;118584;36.36;2474;127;127;4;100;411;8192;50;0;confirmada;2026-06-01T13:35:26.145
SIN_CROTAL;scheduled;toma con tabla personalizada de configuraciones;CONFIG 11 - B7F_AVG4_ADC8192;317.242982;64854;118497;36.10;2465;127;127;4;100;411;8192;50;0;confirmada;2026-06-01T13:35:26.191
SIN_CROTAL;scheduled;toma con tabla personalizada de configuraciones;CONFIG 11 - B7F_AVG4_ADC8192;317.363572;64849;118379;36.07;2464;127;127;4;100;411;8192;50;0;confirmada;2026-06-01T13:35:26.335
SIN_CROTAL;scheduled;toma con tabla personalizada de configuraciones;CONFIG 11 - B7F_AVG4_ADC8192;317.443577;64852;118313;36.05;2463;127;127;4;100;411;8192;50;0;confirmada;2026-06-01T13:35:26.382
SIN_CROTAL;scheduled;toma con tabla personalizada de configuraciones;CONFIG 11 - B7F_AVG4_ADC8192;317.564141;64854;118221;35.76;2453;127;127;4;100;411;8192;50;0;confirmada;2026-06-01T13:35:26.525
SIN_CROTAL;scheduled;toma con tabla personalizada de configuraciones;CONFIG 11 - B7F_AVG4_ADC8192;317.644524;64860;118184;36.02;2462;127;127;4;100;411;8192;50;0;confirmada;2026-06-01T13:35:26.621
SIN_CROTAL;scheduled;toma con tabla personalizada de configuraciones;CONFIG 11 - B7F_AVG4_ADC8192;317.764907;64864;118134;36.24;2470;127;127;4;100;411;8192;50;0;confirmada;2026-06-01T13:35:26.716
SIN_CROTAL;scheduled;toma con tabla personalizada de configuraciones;CONFIG 11 - B7F_AVG4_ADC8192;317.844997;64875;118112;36.39;2475;127;127;4;100;411;8192;50;0;confirmada;2026-06-01T13:35:26.812
SIN_CROTAL;scheduled;toma con tabla personalizada de configuraciones;CONFIG 11 - B7F_AVG4_ADC8192;317.965339;64884;118112;36.22;2469;127;127;4;100;411;8192;50;0;confirmada;2026-06-01T13:35:26.908
SIN_CROTAL;scheduled;toma con tabla personalizada de configuraciones;CONFIG 11 - B7F_AVG4_ADC8192;318.045525;64923;118114;36.64;2484;127;127;4;100;411;8192;50;0;confirmada;2026-06-01T13:35:27.007
SIN_CROTAL;scheduled;toma con tabla personalizada de configuraciones;CONFIG 11 - B7F_AVG4_ADC8192;318.165943;64944;117986;36.19;2468;127;127;4;100;411;8192;50;0;confirmada;2026-06-01T13:35:27.146
SIN_CROTAL;scheduled;toma con tabla personalizada de configuraciones;CONFIG 11 - B7F_AVG4_ADC8192;318.245721;64950;117928;36.27;2471;127;127;4;100;411;8192;50;0;confirmada;2026-06-01T13:35:27.195
SIN_CROTAL;scheduled;toma con tabla personalizada de configuraciones;CONFIG 11 - B7F_AVG4_ADC8192;318.366611;64948;117882;35.59;2447;127;127;4;100;411;8192;50;0;confirmada;2026-06-01T13:35:27.339
SIN_CROTAL;scheduled;toma con tabla personalizada de configuraciones;CONFIG 11 - B7F_AVG4_ADC8192;318.446810;64967;117883;35.82;2455;127;127;4;100;411;8192;50;0;confirmada;2026-06-01T13:35:27.386
SIN_CROTAL;scheduled;toma con tabla personalizada de configuraciones;CONFIG 11 - B7F_AVG4_ADC8192;318.567271;64979;117840;36.84;2491;127;127;4;100;411;8192;50;0;confirmada;2026-06-01T13:35:27.530
SIN_CROTAL;scheduled;toma con tabla personalizada de configuraciones;CONFIG 11 - B7F_AVG4_ADC8192;318.648161;64986;117812;35.59;2447;127;127;4;100;411;8192;50;0;confirmada;2026-06-01T13:35:27.625
SIN_CROTAL;scheduled;toma con tabla personalizada de configuraciones;CONFIG 11 - B7F_AVG4_ADC8192;318.767961;64990;117790;36.36;2474;127;127;4;100;411;8192;50;0;confirmada;2026-06-01T13:35:27.721
SIN_CROTAL;scheduled;toma con tabla personalizada de configuraciones;CONFIG 11 - B7F_AVG4_ADC8192;318.848038;65001;117781;35.65;2449;127;127;4;100;411;8192;50;0;confirmada;2026-06-01T13:35:27.802
SIN_CROTAL;scheduled;toma con tabla personalizada de configuraciones;CONFIG 11 - B7F_AVG4_ADC8192;318.968516;65010;117792;35.59;2447;127;127;4;100;411;8192;50;0;confirmada;2026-06-01T13:35:27.946
SIN_CROTAL;scheduled;toma con tabla personalizada de configuraciones;CONFIG 11 - B7F_AVG4_ADC8192;319.048686;65037;117763;35.57;2446;127;127;4;100;411;8192;50;0;confirmada;2026-06-01T13:35:27.993
SIN_CROTAL;scheduled;toma con tabla personalizada de configuraciones;CONFIG 11 - B7F_AVG4_ADC8192;319.169139;65044;117636;36.61;2483;127;127;4;100;411;8192;50;0;confirmada;2026-06-01T13:35:28.138
SIN_CROTAL;scheduled;toma con tabla personalizada de configuraciones;CONFIG 11 - B7F_AVG4_ADC8192;319.249484;65054;117552;36.50;2479;127;127;4;100;411;8192;50;0;confirmada;2026-06-01T13:35:28.235
SIN_CROTAL;scheduled;toma con tabla personalizada de configuraciones;CONFIG 11 - B7F_AVG4_ADC8192;319.369653;65047;117484;36.36;2474;127;127;4;100;411;8192;50;0;confirmada;2026-06-01T13:35:28.331
SIN_CROTAL;scheduled;toma con tabla personalizada de configuraciones;CONFIG 11 - B7F_AVG4_ADC8192;319.450215;65050;117432;37.74;2522;127;127;4;100;411;8192;50;0;confirmada;2026-06-01T13:35:28.419
SIN_CROTAL;scheduled;toma con tabla personalizada de configuraciones;CONFIG 11 - B7F_AVG4_ADC8192;319.570413;65052;117351;36.27;2471;127;127;4;100;411;8192;50;0;confirmada;2026-06-01T13:35:28.555
SIN_CROTAL;scheduled;toma con tabla personalizada de configuraciones;CONFIG 11 - B7F_AVG4_ADC8192;319.650802;65046;117299;35.90;2458;127;127;4;100;411;8192;50;0;confirmada;2026-06-01T13:35:28.604
SIN_CROTAL;scheduled;toma con tabla personalizada de configuraciones;CONFIG 11 - B7F_AVG4_ADC8192;319.771019;65046;117262;36.33;2473;127;127;4;100;411;8192;50;0;confirmada;2026-06-01T13:35:28.748
SIN_CROTAL;scheduled;toma con tabla personalizada de configuraciones;CONFIG 11 - B7F_AVG4_ADC8192;319.851265;65049;117258;37.10;2500;127;127;4;100;411;8192;50;0;confirmada;2026-06-01T13:35:28.796
SIN_CROTAL;scheduled;toma con tabla personalizada de configuraciones;CONFIG 11 - B7F_AVG4_ADC8192;319.971475;65080;117235;36.27;2471;127;127;4;100;411;8192;50;0;confirmada;2026-06-01T13:35:28.941
SIN_CROTAL;scheduled;toma con tabla personalizada de configuraciones;CONFIG 11 - B7F_AVG4_ADC8192;320.052153;65091;117202;36.61;2483;127;127;4;100;411;8192;50;0;confirmada;2026-06-01T13:35:29.020
SIN_CROTAL;scheduled;toma con tabla personalizada de configuraciones;CONFIG 11 - B7F_AVG4_ADC8192;320.172286;65081;117177;35.71;2451;127;127;4;100;411;8192;50;0;confirmada;2026-06-01T13:35:29.115
SIN_CROTAL;scheduled;toma con tabla personalizada de configuraciones;CONFIG 11 - B7F_AVG4_ADC8192;320.252408;65080;117175;35.45;2442;127;127;4;100;411;8192;50;0;confirmada;2026-06-01T13:35:29.211
SIN_CROTAL;scheduled;toma con tabla personalizada de configuraciones;CONFIG 11 - B7F_AVG4_ADC8192;320.372718;65077;117183;36.33;2473;127;127;4;100;411;8192;50;0;confirmada;2026-06-01T13:35:29.354
SIN_CROTAL;scheduled;toma con tabla personalizada de configuraciones;CONFIG 11 - B7F_AVG4_ADC8192;320.453436;65080;117183;36.42;2476;127;127;4;100;411;8192;50;0;confirmada;2026-06-01T13:35:29.401
SIN_CROTAL;scheduled;toma con tabla personalizada de configuraciones;CONFIG 11 - B7F_AVG4_ADC8192;320.573431;65077;117256;36.16;2467;127;127;4;100;411;8192;50;0;confirmada;2026-06-01T13:35:29.544
SIN_CROTAL;scheduled;toma con tabla personalizada de configuraciones;CONFIG 11 - B7F_AVG4_ADC8192;320.653216;65105;117330;36.56;2481;127;127;4;100;411;8192;50;0;confirmada;2026-06-01T13:35:29.593
SIN_CROTAL;scheduled;toma con tabla personalizada de configuraciones;CONFIG 11 - B7F_AVG4_ADC8192;320.773948;65132;117401;36.27;2471;127;127;4;100;411;8192;50;0;confirmada;2026-06-01T13:35:29.736
SIN_CROTAL;scheduled;toma con tabla personalizada de configuraciones;CONFIG 11 - B7F_AVG4_ADC8192;320.854812;65140;117478;35.34;2438;127;127;4;100;411;8192;50;0;confirmada;2026-06-01T13:35:29.824
SIN_CROTAL;scheduled;toma con tabla personalizada de configuraciones;CONFIG 11 - B7F_AVG4_ADC8192;320.974702;65151;117632;36.53;2480;127;127;4;100;411;8192;50;0;confirmada;2026-06-01T13:35:29.959
SIN_CROTAL;scheduled;toma con tabla personalizada de configuraciones;CONFIG 11 - B7F_AVG4_ADC8192;321.054844;65165;117758;35.85;2456;127;127;4;100;411;8192;50;0;confirmada;2026-06-01T13:35:30.008
SIN_CROTAL;scheduled;toma con tabla personalizada de configuraciones;CONFIG 11 - B7F_AVG4_ADC8192;321.175229;65193;117972;36.47;2478;127;127;4;100;411;8192;50;0;confirmada;2026-06-01T13:35:30.151
SIN_CROTAL;scheduled;toma con tabla personalizada de configuraciones;CONFIG 11 - B7F_AVG4_ADC8192;321.255507;65209;118143;36.05;2463;127;127;4;100;411;8192;50;0;confirmada;2026-06-01T13:35:30.200
SIN_CROTAL;scheduled;toma con tabla personalizada de configuraciones;CONFIG 11 - B7F_AVG4_ADC8192;321.375743;65216;118356;36.76;2488;127;127;4;100;411;8192;50;0;confirmada;2026-06-01T13:35:30.343
SIN_CROTAL;scheduled;toma con tabla personalizada de configuraciones;CONFIG 11 - B7F_AVG4_ADC8192;321.456404;65223;118503;35.93;2459;127;127;4;100;411;8192;50;0;confirmada;2026-06-01T13:35:30.439
SIN_CROTAL;scheduled;toma con tabla personalizada de configuraciones;CONFIG 11 - B7F_AVG4_ADC8192;321.576469;65239;118737;36.39;2475;127;127;4;100;411;8192;50;0;confirmada;2026-06-01T13:35:30.533
SIN_CROTAL;scheduled;toma con tabla personalizada de configuraciones;CONFIG 11 - B7F_AVG4_ADC8192;321.656710;65241;118888;36.24;2470;127;127;4;100;411;8192;50;0;confirmada;2026-06-01T13:35:30.628
SIN_CROTAL;scheduled;toma con tabla personalizada de configuraciones;CONFIG 11 - B7F_AVG4_ADC8192;321.777117;65254;119021;35.79;2454;127;127;4;100;411;8192;50;0;confirmada;2026-06-01T13:35:30.756
SIN_CROTAL;scheduled;toma con tabla personalizada de configuraciones;CONFIG 11 - B7F_AVG4_ADC8192;321.857135;65262;119124;36.42;2476;127;127;4;100;411;8192;50;0;confirmada;2026-06-01T13:35:30.803
SIN_CROTAL;scheduled;toma con tabla personalizada de configuraciones;CONFIG 11 - B7F_AVG4_ADC8192;321.977710;65243;119204;36.42;2476;127;127;4;100;411;8192;50;0;confirmada;2026-06-01T13:35:30.947
SIN_CROTAL;scheduled;toma con tabla personalizada de configuraciones;CONFIG 11 - B7F_AVG4_ADC8192;322.058137;65226;119271;35.73;2452;127;127;4;100;411;8192;50;0;confirmada;2026-06-01T13:35:31.043
SIN_CROTAL;scheduled;toma con tabla personalizada de configuraciones;CONFIG 11 - B7F_AVG4_ADC8192;322.178359;65214;119388;36.33;2473;127;127;4;100;411;8192;50;0;confirmada;2026-06-01T13:35:31.139
SIN_CROTAL;scheduled;toma con tabla personalizada de configuraciones;CONFIG 11 - B7F_AVG4_ADC8192;322.258571;65213;119439;35.57;2446;127;127;4;100;411;8192;50;0;confirmada;2026-06-01T13:35:31.234
SIN_CROTAL;scheduled;toma con tabla personalizada de configuraciones;CONFIG 11 - B7F_AVG4_ADC8192;322.378969;65188;119504;35.59;2447;127;127;4;100;411;8192;50;0;confirmada;2026-06-01T13:35:31.330
SIN_CROTAL;scheduled;toma con tabla personalizada de configuraciones;CONFIG 11 - B7F_AVG4_ADC8192;322.458806;65199;119578;37.59;2517;127;127;4;100;411;8192;50;0;confirmada;2026-06-01T13:35:31.411
SIN_CROTAL;scheduled;toma con tabla personalizada de configuraciones;CONFIG 11 - B7F_AVG4_ADC8192;322.579449;65197;119601;36.73;2487;127;127;4;100;411;8192;50;0;confirmada;2026-06-01T13:35:31.554
SIN_CROTAL;scheduled;toma con tabla personalizada de configuraciones;CONFIG 11 - B7F_AVG4_ADC8192;322.659814;65179;119600;36.76;2488;127;127;4;100;411;8192;50;0;confirmada;2026-06-01T13:35:31.601
SIN_CROTAL;scheduled;toma con tabla personalizada de configuraciones;CONFIG 11 - B7F_AVG4_ADC8192;322.780109;65162;119631;36.70;2486;127;127;4;100;411;8192;50;0;confirmada;2026-06-01T13:35:31.745
SIN_CROTAL;scheduled;toma con tabla personalizada de configuraciones;CONFIG 11 - B7F_AVG4_ADC8192;322.859832;65158;119613;36.53;2480;127;127;4;100;411;8192;50;0;confirmada;2026-06-01T13:35:31.843
SIN_CROTAL;scheduled;toma con tabla personalizada de configuraciones;CONFIG 11 - B7F_AVG4_ADC8192;322.980653;65140;119594;36.42;2476;127;127;4;100;411;8192;50;0;confirmada;2026-06-01T13:35:31.937
SIN_CROTAL;scheduled;toma con tabla personalizada de configuraciones;CONFIG 11 - B7F_AVG4_ADC8192;323.060734;65127;119606;36.47;2478;127;127;4;100;411;8192;50;0;confirmada;2026-06-01T13:35:32.034
SIN_CROTAL;scheduled;toma con tabla personalizada de configuraciones;CONFIG 11 - B7F_AVG4_ADC8192;323.181215;65109;119572;36.73;2487;127;127;4;100;411;8192;50;0;confirmada;2026-06-01T13:35:32.161
SIN_CROTAL;scheduled;toma con tabla personalizada de configuraciones;CONFIG 11 - B7F_AVG4_ADC8192;323.262206;65110;119588;37.22;2504;127;127;4;100;411;8192;50;0;confirmada;2026-06-01T13:35:32.209
SIN_CROTAL;scheduled;toma con tabla personalizada de configuraciones;CONFIG 11 - B7F_AVG4_ADC8192;323.381838;65104;119560;36.42;2476;127;127;4;100;411;8192;50;0;confirmada;2026-06-01T13:35:32.352
SIN_CROTAL;scheduled;toma con tabla personalizada de configuraciones;CONFIG 11 - B7F_AVG4_ADC8192;323.462356;65112;119493;36.56;2481;127;127;4;100;411;8192;50;0;confirmada;2026-06-01T13:35:32.449
SIN_CROTAL;scheduled;toma con tabla personalizada de configuraciones;CONFIG 11 - B7F_AVG4_ADC8192;323.582609;65091;119350;35.71;2451;127;127;4;100;411;8192;50;0;confirmada;2026-06-01T13:35:32.544
SIN_CROTAL;scheduled;toma con tabla personalizada de configuraciones;CONFIG 11 - B7F_AVG4_ADC8192;323.662864;65071;119223;37.39;2510;127;127;4;100;411;8192;50;0;confirmada;2026-06-01T13:35:32.639
SIN_CROTAL;scheduled;toma con tabla personalizada de configuraciones;CONFIG 11 - B7F_AVG4_ADC8192;323.783080;65028;119058;36.59;2482;127;127;4;100;411;8192;50;0;confirmada;2026-06-01T13:35:32.736
SIN_CROTAL;scheduled;toma con tabla personalizada de configuraciones;CONFIG 11 - B7F_AVG4_ADC8192;323.863259;65011;118918;36.24;2470;127;127;4;100;411;8192;50;0;confirmada;2026-06-01T13:35:32.832
SIN_CROTAL;scheduled;toma con tabla personalizada de configuraciones;CONFIG 11 - B7F_AVG4_ADC8192;323.983668;64961;118690;35.99;2461;127;127;4;100;411;8192;50;0;confirmada;2026-06-01T13:35:32.927
SIN_CROTAL;scheduled;toma con tabla personalizada de configuraciones;CONFIG 11 - B7F_AVG4_ADC8192;324.064361;64936;118537;35.76;2453;127;127;4;100;411;8192;50;0;confirmada;2026-06-01T13:35:33.023
SIN_CROTAL;scheduled;toma con tabla personalizada de configuraciones;CONFIG 11 - B7F_AVG4_ADC8192;324.184490;64892;118314;36.39;2475;127;127;4;100;411;8192;50;0;confirmada;2026-06-01T13:35:33.167
SIN_CROTAL;scheduled;toma con tabla personalizada de configuraciones;CONFIG 11 - B7F_AVG4_ADC8192;324.264804;64868;118179;35.54;2445;127;127;4;100;411;8192;50;0;confirmada;2026-06-01T13:35:33.214
